,0,1,2,3,4
0,0.67721117,0.17991608,0.07136254,0.043729257,0.02778095
1,0.73363554,0.14839935,0.057213448,0.036939852,0.023811784
2,0.80038387,0.11708334,0.04292626,0.02459688,0.015009602
3,0.58096206,0.24408436,0.088525586,0.052357607,0.034070417
4,0.71998566,0.16285732,0.058492035,0.035836585,0.022828382
5,0.5082702,0.2881819,0.10629599,0.058581278,0.03867064
6,0.7523528,0.1277555,0.05857104,0.03681176,0.024508934
7,0.8591527,0.07953634,0.03132028,0.018548135,0.011442588
8,0.50948995,0.29927608,0.10210326,0.054801434,0.034329344
9,0.48594454,0.2871241,0.11510367,0.066892944,0.044934753
10,0.74456143,0.14775975,0.05593626,0.031919107,0.019823566
11,0.77975094,0.13123061,0.045011286,0.027299814,0.01670735
12,0.8110931,0.11018567,0.04092586,0.023428734,0.014366551
13,0.82318616,0.10375008,0.037836023,0.021874499,0.013353146
14,0.36055595,0.34972626,0.15981922,0.07788009,0.05201852
15,0.8255555,0.103817455,0.037002973,0.020955253,0.012668932
16,0.11437235,0.21617045,0.45794064,0.124717586,0.08679905
17,0.6407997,0.19887222,0.08062761,0.0480519,0.03164862
18,0.332469,0.3904998,0.15890321,0.072889574,0.045238383
19,0.7477404,0.14152412,0.05585113,0.033597015,0.02128734
20,0.72929835,0.14754243,0.060778007,0.03807959,0.024301566
21,0.85642,0.078711286,0.032524213,0.019963473,0.01238101
22,0.7829191,0.12413337,0.046906184,0.02849779,0.017543482
23,0.1154383,0.20223838,0.39165258,0.16875803,0.12191264
24,0.7723466,0.12979384,0.050245617,0.029602975,0.018010996
25,0.7734335,0.12981889,0.04839054,0.030013693,0.018343337
26,0.47546002,0.2979026,0.11477902,0.066988766,0.044869624
27,0.8364662,0.09379316,0.035186276,0.021481475,0.013073024
28,0.785227,0.11814342,0.049088515,0.029145047,0.01839611
29,0.7292532,0.14986771,0.061385427,0.036197066,0.023296608
30,0.14525433,0.26861677,0.304285,0.1810755,0.100768395
31,0.10834181,0.20924576,0.25705948,0.31813943,0.10721348
32,0.28138283,0.375127,0.17799893,0.09971336,0.06577785
33,0.5191942,0.27666748,0.10294284,0.060974244,0.040221184
34,0.038367912,0.07710364,0.7302005,0.09177418,0.06255372
35,0.36327037,0.34368518,0.1502772,0.08510085,0.05766644
36,0.85832626,0.08255436,0.030353036,0.018160483,0.010605849
37,0.3052574,0.37788823,0.16836344,0.09055939,0.057931494
38,0.19146967,0.39438435,0.2519886,0.10032393,0.06183342
39,0.18791722,0.3600435,0.25881404,0.11734345,0.075881824
40,0.62956715,0.20306732,0.08698293,0.048406042,0.03197651
41,0.81104606,0.11021576,0.040631156,0.023141988,0.014965093
42,0.21278642,0.310552,0.290811,0.11347639,0.07237421
43,0.5738985,0.23106468,0.09815848,0.058052693,0.038825657
44,0.44095853,0.31485334,0.13155513,0.068028025,0.04460498
45,0.8512791,0.079852216,0.034516163,0.021353131,0.012999353
46,0.9066544,0.05317856,0.02056222,0.012445959,0.007158829
47,0.64531595,0.2029677,0.07541109,0.046514418,0.029790819
48,0.613732,0.22545141,0.08411053,0.047179334,0.029526763
49,0.5553069,0.2506509,0.09834917,0.057813197,0.03787983
50,0.762336,0.13463645,0.051101454,0.032213815,0.019712327
51,0.53411806,0.25555515,0.104008436,0.06328298,0.043035433
52,0.39634618,0.33026507,0.13332017,0.083573915,0.056494623
53,0.08316365,0.17101444,0.58152,0.10305519,0.061246663
54,0.4774039,0.31035694,0.11017667,0.061313376,0.04074907
55,0.22482702,0.38795227,0.24766561,0.08772562,0.051829457
56,0.15980835,0.3756981,0.28617227,0.11259996,0.06572137
57,0.8410379,0.09186206,0.03456772,0.020303546,0.012228886
58,0.711217,0.16157536,0.06297565,0.03930441,0.024927605
59,0.8607414,0.08089802,0.029219663,0.01827715,0.010863744
60,0.7280693,0.15674618,0.05800012,0.03537724,0.021807205
61,0.88451934,0.06634364,0.025174791,0.015055522,0.008906629
62,0.25946972,0.40420148,0.18507475,0.092018194,0.059235856
63,0.77315474,0.12752248,0.049644448,0.03069265,0.018985614
64,0.71471715,0.15813494,0.06347487,0.038852584,0.024820507
65,0.9003997,0.057540867,0.021457149,0.013061179,0.007541158
66,0.7107475,0.17391175,0.058859907,0.03479487,0.021685971
67,0.48336968,0.2956156,0.11746704,0.062488504,0.041059192
68,0.93013585,0.040534087,0.015317163,0.008958034,0.0050547943
69,0.89440894,0.06168143,0.02239306,0.013646427,0.007870171
70,0.21758002,0.4293989,0.19559018,0.09647099,0.060959857
71,0.20872857,0.38791087,0.23997237,0.101042114,0.06234601
72,0.41093135,0.3312206,0.14357546,0.06800589,0.04626674
73,0.21670555,0.42659706,0.20747209,0.091569036,0.057656247
74,0.46701774,0.31008098,0.11721798,0.064196385,0.04148693
75,0.5611473,0.24580175,0.10285501,0.053590883,0.036605045
76,0.5458904,0.26474494,0.096020065,0.05671056,0.03663402
77,0.8082802,0.11352101,0.03996688,0.023920981,0.014310892
78,0.8827707,0.07182525,0.02326152,0.014150351,0.007992181
79,0.72850364,0.1521402,0.06020903,0.036614697,0.022532366
80,0.6091378,0.21177875,0.08835033,0.054727305,0.036005888
81,0.6241311,0.21540064,0.08003014,0.049103353,0.031334773
82,0.17574863,0.39220956,0.26858178,0.10111269,0.06234738
83,0.897434,0.05492163,0.023998782,0.014832521,0.00881306
84,0.11593494,0.24213658,0.47133029,0.11239854,0.058199573
85,0.32396856,0.3816874,0.15679514,0.08376837,0.05378061
86,0.59590995,0.219271,0.09139583,0.056065906,0.03735728
87,0.45786455,0.31928942,0.11480887,0.06536958,0.042667605
88,0.31699923,0.37462327,0.16215129,0.08793897,0.05828721
89,0.7935956,0.1168162,0.045478374,0.027372846,0.016736954
90,0.60272115,0.22666055,0.086311355,0.051236592,0.03307031
91,0.84966266,0.08385546,0.034217212,0.019855337,0.012409377
92,0.8537285,0.08679378,0.03106666,0.017555434,0.010855683
93,0.68244267,0.17114244,0.071652345,0.045239978,0.029522534
94,0.3121429,0.38488442,0.16103937,0.085356966,0.05657639
95,0.70016605,0.17010905,0.06511405,0.03949878,0.025112048
96,0.805031,0.10916775,0.042694546,0.026852693,0.016254034
97,0.7898456,0.12327128,0.04406394,0.026573855,0.016245365
98,0.94256586,0.03278593,0.012829986,0.007530856,0.0042873146
99,0.724724,0.15970582,0.05885088,0.034875937,0.0218434
100,0.7159745,0.17019549,0.056750245,0.035371028,0.021708697
101,0.8324205,0.09797712,0.03566279,0.021331968,0.012607627
102,0.9419479,0.033138182,0.012775603,0.00778212,0.004356293
103,0.7399736,0.14713456,0.056325972,0.034681268,0.02188458
104,0.77277666,0.13357407,0.048052557,0.028371442,0.017225236
105,0.1802588,0.34494117,0.28326073,0.119385764,0.07215349
106,0.7771429,0.12516269,0.049331345,0.029640542,0.018722527
107,0.9283286,0.042025156,0.015505561,0.009082844,0.005057876
108,0.41313124,0.29953495,0.15547985,0.07744958,0.05440442
109,0.0607496,0.103579335,0.60500014,0.14210047,0.0885704
110,0.25559923,0.3506789,0.23301016,0.094668426,0.06604331
111,0.27232605,0.37508452,0.20111848,0.092740275,0.05873075
112,0.29944444,0.40517128,0.1579934,0.083709,0.05368194
113,0.27241272,0.3706558,0.21857661,0.08607002,0.052284878
114,0.49818355,0.28950864,0.108324036,0.06319957,0.040784243
115,0.7291979,0.16025335,0.055804018,0.033926375,0.020818388
116,0.40236837,0.34549072,0.12918255,0.07378477,0.049173582
117,0.20802931,0.38965875,0.23253758,0.10459136,0.06518294
118,0.72932184,0.15977833,0.057698824,0.033775784,0.019425204
119,0.6975045,0.17053375,0.065477476,0.040328972,0.02615526
120,0.6510346,0.20672116,0.07450994,0.041911136,0.025823118
121,0.8035523,0.10811155,0.043581814,0.027495584,0.01725875
122,0.87797445,0.06794371,0.02737874,0.016809542,0.009893606
123,0.8766647,0.07047013,0.026600758,0.016611392,0.009653005
124,0.70852315,0.16851316,0.06424088,0.035392504,0.023330325
125,0.68439835,0.18266642,0.06765989,0.03959913,0.025676139
126,0.4699929,0.3077925,0.11700453,0.06385527,0.041354768
127,0.70744175,0.16600066,0.062778905,0.03896152,0.024817204
128,0.9061863,0.051145744,0.02171316,0.013155227,0.007799623
129,0.8236172,0.09520693,0.039948247,0.025457995,0.015769662
130,0.30793747,0.39562127,0.15545103,0.08567006,0.05532015
131,0.859958,0.075714596,0.03271304,0.019612592,0.012001739
132,0.7269252,0.15198965,0.05934926,0.03780516,0.023930632
133,0.91929203,0.047837276,0.017163198,0.0100941565,0.0056133703
134,0.60850686,0.2284475,0.08459762,0.047937598,0.030510426
135,0.8872118,0.0620796,0.02518824,0.016018767,0.009501623
136,0.81076235,0.110105604,0.03963305,0.024405437,0.015093551
137,0.44712886,0.30110767,0.13318922,0.07208344,0.046490807
138,0.6968608,0.18296283,0.062366564,0.03525088,0.022558853
139,0.8331785,0.0962572,0.03580095,0.021708021,0.013055335
140,0.5037783,0.28983098,0.10743576,0.05956274,0.0393922
141,0.68330777,0.17827731,0.06962059,0.041837417,0.026956938
142,0.5322698,0.2610003,0.10556289,0.060676605,0.04049042
143,0.6050995,0.23461413,0.08213306,0.04816966,0.029983677
144,0.25259104,0.42351758,0.1777323,0.08993787,0.056221224
145,0.59614754,0.23650834,0.085044675,0.050319802,0.031979628
146,0.24017815,0.399218,0.1955977,0.099525265,0.0654809
147,0.51282513,0.2805729,0.103383526,0.062801376,0.040417142
148,0.1658356,0.34691185,0.3007097,0.11695029,0.06959258
149,0.56197673,0.25966552,0.09168832,0.053627245,0.03304218
150,0.7953303,0.115442045,0.044219982,0.027673054,0.017334532
151,0.8069241,0.107299276,0.042227685,0.026695903,0.01685303
152,0.21943346,0.39731437,0.21837059,0.09969347,0.06518807
153,0.7896333,0.1265385,0.04284997,0.025639767,0.015338565
154,0.894866,0.059199367,0.023250384,0.014286654,0.008397513
155,0.68201816,0.17328292,0.07045763,0.044973016,0.029268246
156,0.7116867,0.17300373,0.05924294,0.034531973,0.02153467
157,0.35722026,0.3700559,0.13956434,0.08047134,0.05268817
158,0.81028026,0.10581899,0.041737303,0.025995279,0.016168099
159,0.720542,0.16237502,0.060257327,0.034959197,0.021866325
160,0.8180045,0.10427998,0.03991039,0.023425136,0.014379993
161,0.5308672,0.26864797,0.10017142,0.060627285,0.03968615
162,0.2687937,0.39695412,0.19096334,0.08857773,0.054711074
163,0.8876917,0.059367564,0.026460892,0.01649557,0.009984317
164,0.7358124,0.15483835,0.055546824,0.033110645,0.020691793
165,0.7053625,0.1735748,0.06029034,0.03757793,0.023194458
166,0.20858277,0.42948124,0.2068651,0.096106686,0.05896417
167,0.23341541,0.4007139,0.20874453,0.09584106,0.06128513
168,0.07686513,0.16617198,0.5807255,0.110428914,0.06580849
169,0.37813592,0.34353176,0.14246532,0.08110751,0.05475949
170,0.52421063,0.28322715,0.099438794,0.056685574,0.0364378
171,0.29061624,0.38244456,0.19460985,0.079291716,0.053037632
172,0.785322,0.120206356,0.046631407,0.029362924,0.018477267
173,0.87675124,0.06953668,0.026590563,0.01694774,0.010173751
174,0.9076418,0.050683606,0.021225294,0.012867255,0.0075820726
175,0.9155519,0.047663804,0.018453987,0.011651469,0.006678843
176,0.9170332,0.04950452,0.017561218,0.00995883,0.0059422953
177,0.18598005,0.39045233,0.26730984,0.09579767,0.06046013
178,0.563876,0.25323775,0.090127125,0.055800103,0.03695911
179,0.5402473,0.23396988,0.1137667,0.063030764,0.04898529
180,0.7271217,0.15610792,0.059835445,0.03405739,0.02287757
181,0.118415006,0.2456892,0.4480462,0.1166267,0.071222894
182,0.19259152,0.39035994,0.25629747,0.09846957,0.062281515
183,0.6029144,0.23061255,0.08647746,0.048993737,0.031001914
184,0.774438,0.12545435,0.049321245,0.031499073,0.019287363
185,0.8525191,0.07914099,0.033809446,0.021496529,0.013033891
186,0.85005295,0.08731743,0.031411666,0.019692972,0.011524925
187,0.92114055,0.046603344,0.016610863,0.010008225,0.0056370352
188,0.77880424,0.12508944,0.04960862,0.028579142,0.017918494
189,0.8184015,0.11078684,0.036194086,0.02181327,0.012804266
190,0.8358453,0.09959988,0.03308201,0.019952012,0.011520745
191,0.67477393,0.1769214,0.07603332,0.045622885,0.026648428
192,0.71312326,0.16050553,0.06350499,0.03863584,0.024230411
193,0.13456944,0.30725604,0.3506958,0.13711637,0.070362404
194,0.4296057,0.33978635,0.11784072,0.06847234,0.044294957
195,0.76654565,0.13740739,0.049015306,0.029127091,0.017904483
196,0.6674109,0.18572903,0.07190965,0.04538823,0.029562254
197,0.343039,0.36151975,0.17047296,0.076222,0.0487463
198,0.2117549,0.4024894,0.21954055,0.10119342,0.06502172
199,0.87544775,0.07207673,0.02671558,0.016195491,0.009564439
200,0.74512947,0.14456253,0.05492904,0.03416897,0.021209927
201,0.4766391,0.30089304,0.1145588,0.065037556,0.04287157
202,0.96774733,0.019206302,0.0070418604,0.0039145635,0.0020899784
203,0.9428114,0.036367316,0.011282264,0.0062194197,0.003319625
204,0.7932657,0.11209854,0.04733473,0.028991543,0.018309545
205,0.7728549,0.13074042,0.047917064,0.030020352,0.018467298
206,0.9037455,0.054991424,0.021158386,0.012624627,0.007480165
207,0.774588,0.13504837,0.045847736,0.027454743,0.017061245
208,0.8615195,0.07629316,0.031125342,0.019492004,0.011569972
209,0.8031096,0.11315878,0.0418488,0.025995288,0.015887527
210,0.7129069,0.16433764,0.061178878,0.037635893,0.02394076
211,0.88507104,0.06335455,0.025737638,0.01609741,0.009739283
212,0.8920751,0.05972027,0.024189033,0.015106879,0.008908767
213,0.899263,0.05513051,0.023134805,0.014109384,0.00836222
214,0.54406625,0.24352603,0.10607476,0.063708454,0.04262448
215,0.9486212,0.030250998,0.011198663,0.0064313174,0.0034978488
216,0.46833506,0.29580754,0.117728814,0.07101603,0.04711261
217,0.4010471,0.32088628,0.14526555,0.08143139,0.051369652
218,0.3829995,0.36703292,0.13207017,0.07153664,0.04636075
219,0.6257857,0.20203477,0.08360464,0.053352796,0.035222072
220,0.7665025,0.13089755,0.051029064,0.031859543,0.019711327
221,0.7250254,0.15573603,0.06194464,0.03554768,0.021746162
222,0.9283118,0.042357158,0.015565213,0.008786719,0.0049790936
223,0.8097981,0.10685854,0.041844152,0.02563705,0.015862087
224,0.7623098,0.13693246,0.05059806,0.030732188,0.019427504
225,0.6197654,0.21422559,0.08258577,0.05098812,0.032435127
226,0.84598476,0.087197594,0.033760328,0.020665016,0.012392361
227,0.5679363,0.24305262,0.093985975,0.058090903,0.036934253
228,0.9092289,0.05293169,0.019120717,0.01186238,0.0068562394
229,0.2887173,0.38558808,0.17238258,0.09337908,0.059932973
230,0.89120585,0.062409684,0.023264261,0.014622688,0.008497553
231,0.9240116,0.04672189,0.015432146,0.008841558,0.0049927896
232,0.82353115,0.09746265,0.04012853,0.024241785,0.014635862
233,0.9230572,0.045025345,0.016277,0.009962696,0.0056777857
234,0.4260844,0.3162211,0.13013135,0.07584565,0.051717535
235,0.13009845,0.26877943,0.43050858,0.10765174,0.06296172
236,0.30628005,0.38978568,0.1661798,0.08355927,0.054195207
237,0.27737617,0.4295025,0.16725868,0.07709314,0.04876948
238,0.28369835,0.41272998,0.16935873,0.08281781,0.05139516
239,0.8216638,0.105696216,0.037509453,0.021967167,0.01316335
240,0.81978106,0.10452765,0.03765911,0.023866624,0.014165641
241,0.8964348,0.05700405,0.02307475,0.014764932,0.008721409
242,0.9407469,0.03216465,0.013914451,0.008356578,0.0048174937
243,0.79546684,0.11535109,0.04544057,0.02703379,0.016707754
244,0.78879505,0.12483022,0.04403008,0.02633623,0.016008439
245,0.24944735,0.36329356,0.21648228,0.10348962,0.067287244
246,0.7877184,0.12285139,0.046047837,0.026540494,0.016841816
247,0.6134972,0.21129566,0.08625414,0.0539474,0.03500559
248,0.76910114,0.12576532,0.051419284,0.033012524,0.020701744
249,0.3814071,0.35350034,0.1370268,0.07738625,0.050679464
250,0.6391372,0.20725836,0.080001675,0.044585202,0.02901759
251,0.89638215,0.06038503,0.022335703,0.013256894,0.007640141
252,0.14871003,0.32699597,0.37049672,0.09550534,0.05829194
253,0.23287354,0.4301972,0.18756433,0.092172645,0.05719228
254,0.8572424,0.08336905,0.03009193,0.018415526,0.010881104
255,0.8428246,0.087821506,0.034930907,0.021546327,0.012876615
256,0.55374485,0.24217397,0.11013197,0.057250015,0.03669918
257,0.6753958,0.18377839,0.0695483,0.04332129,0.027956238
258,0.86748385,0.074935354,0.029167192,0.017767977,0.010645696
259,0.86882836,0.07302271,0.030249171,0.017351272,0.01054856
260,0.74957544,0.14200959,0.054247532,0.033266995,0.020900432
261,0.5914206,0.24403773,0.08726794,0.04704234,0.030231396
262,0.0834952,0.19983481,0.5480078,0.10929577,0.05936652
263,0.36845824,0.36674258,0.13813666,0.07655393,0.0501086
264,0.3219197,0.37776735,0.16050932,0.08439279,0.05541087
265,0.64328927,0.20916258,0.07423649,0.04502348,0.028288214
266,0.5463472,0.26277176,0.094905846,0.058195762,0.037779447
267,0.9122892,0.05073092,0.019487659,0.011105873,0.0063863182
268,0.90479344,0.056708474,0.019968404,0.011777514,0.006752082
269,0.45972395,0.32796565,0.11138609,0.06123237,0.03969188
270,0.9574576,0.025662724,0.0089613125,0.0051187514,0.0027995247
271,0.87928635,0.068046,0.027365314,0.015754914,0.009547484
272,0.95182383,0.02758747,0.010759461,0.0063078334,0.0035214624
273,0.8080555,0.104142316,0.043720074,0.02715866,0.016923476
274,0.8100947,0.10868146,0.040352654,0.025498917,0.015372126
275,0.7270804,0.15223724,0.061957624,0.035565358,0.023159372
276,0.5844683,0.24083595,0.08902057,0.052065685,0.033609506
277,0.26534045,0.39296994,0.20342292,0.087436214,0.050830517
278,0.64950603,0.19409378,0.076967284,0.04808732,0.03134556
279,0.69510776,0.17772396,0.0629071,0.039471433,0.024789726
280,0.87396073,0.06508391,0.030735893,0.018624675,0.011594716
281,0.81358105,0.10241762,0.041851982,0.026165972,0.01598333
282,0.56667227,0.26406944,0.08561159,0.051498022,0.03214878
283,0.64015657,0.19205278,0.082624644,0.051024113,0.03414186
284,0.71476454,0.16303389,0.06149326,0.03712687,0.023581449
285,0.7643432,0.12189729,0.056025848,0.035108604,0.02262499
286,0.7397595,0.1571121,0.052525833,0.031347413,0.019255124
287,0.26337722,0.41675776,0.17423227,0.08929052,0.05634222
288,0.24609901,0.38849014,0.2155437,0.09195928,0.057907842
289,0.75108975,0.1422476,0.05230508,0.033659954,0.020697609
290,0.69278914,0.16813603,0.06752991,0.043308724,0.028236177
291,0.23126915,0.39301044,0.21130084,0.10073518,0.06368436
292,0.69710124,0.16466223,0.06700402,0.04302907,0.028203467
293,0.4974831,0.2919637,0.106304675,0.06325298,0.040995475
294,0.57997054,0.23835708,0.09196191,0.05422158,0.035488978
295,0.94171816,0.033312462,0.013200664,0.0075135184,0.0042552818
296,0.58003104,0.23513868,0.09327613,0.05543852,0.03611563
297,0.31083745,0.37494123,0.1855,0.07902103,0.04970026
298,0.43315455,0.32419673,0.13540855,0.06766994,0.03957028
299,0.8074316,0.1137335,0.039149947,0.025059251,0.014625731
300,0.21786426,0.4169218,0.20462558,0.098878905,0.06170952
301,0.5903845,0.23741813,0.08784312,0.051501844,0.032852493
302,0.50475824,0.28732204,0.10611639,0.0621361,0.039667282
303,0.6775191,0.17783545,0.07326043,0.04430724,0.027077809
304,0.21163343,0.36970058,0.25103495,0.10384339,0.063787736
305,0.5195382,0.261087,0.10922806,0.06598675,0.04415988
306,0.415376,0.3193051,0.13691212,0.07640904,0.051997717
307,0.65527105,0.19929528,0.072151914,0.044856228,0.02842548
308,0.87231225,0.071902424,0.028588323,0.016714646,0.010482421
309,0.7022274,0.15962449,0.06726676,0.04177683,0.02910449
310,0.5232417,0.26473907,0.107492745,0.06250724,0.042019308
311,0.8744597,0.07238579,0.0268276,0.016449252,0.00987757
312,0.33405736,0.3716416,0.15648386,0.08409115,0.053726036
313,0.8113239,0.105572,0.041872345,0.025394004,0.015837748
314,0.816988,0.10404387,0.040625185,0.023635438,0.014707579
315,0.06320165,0.11436476,0.5540162,0.18935241,0.07906508
316,0.23784706,0.37895113,0.2248449,0.09604673,0.06231011
317,0.23861012,0.3854016,0.23631802,0.08718809,0.05248222
318,0.7078674,0.17007388,0.06184633,0.037095077,0.023117375
319,0.1396337,0.2909264,0.37193418,0.12684752,0.07065823
320,0.88998747,0.060518302,0.025535464,0.0148974415,0.00906132
321,0.16170289,0.33316708,0.32239896,0.11096305,0.07176804
322,0.26333675,0.33006898,0.24509692,0.096672624,0.06482468
323,0.7474754,0.14481315,0.05425045,0.03290104,0.02056008
324,0.7529834,0.1401647,0.054985303,0.03141447,0.020452064
325,0.42674065,0.32169878,0.13435042,0.06917346,0.04803664
326,0.35978025,0.3676012,0.14270762,0.0784963,0.05141468
327,0.2683452,0.39952397,0.17854315,0.09320857,0.060379088
328,0.22657926,0.4046731,0.21967362,0.09197944,0.057094533
329,0.54372376,0.26294953,0.09790562,0.05784598,0.037575122
330,0.79420197,0.120621234,0.043453418,0.026034072,0.015689235
331,0.72707516,0.15564393,0.060434964,0.0349815,0.021864414
332,0.5864063,0.23745301,0.08951408,0.052738316,0.033888314
333,0.24697968,0.384498,0.1998164,0.10241247,0.06629341
334,0.66479033,0.19572164,0.07109385,0.04189752,0.026496656
335,0.4699584,0.29626432,0.13529684,0.05955815,0.038922332
336,0.8520496,0.08300188,0.032555114,0.02030612,0.012087346
337,0.9242945,0.044215064,0.016166981,0.0097760735,0.005547451
338,0.24192996,0.38336065,0.22266103,0.09189407,0.06015433
339,0.30134076,0.41288534,0.1580139,0.078538455,0.04922158
340,0.6862102,0.18505678,0.065579906,0.0389904,0.024162719
341,0.8370904,0.09146795,0.035650223,0.02211264,0.013678911
342,0.85687476,0.08640505,0.029214099,0.017464522,0.010041597
343,0.8295222,0.094958074,0.03860916,0.022842305,0.014068227
344,0.3082294,0.37581417,0.16349527,0.09106737,0.061393842
345,0.91412085,0.051449943,0.017759731,0.010679248,0.0059902184
346,0.8106155,0.10845309,0.04048011,0.024963314,0.015488064
347,0.3218243,0.35095313,0.17416717,0.0900673,0.06298807
348,0.374033,0.35387424,0.14199589,0.07919223,0.050904613
349,0.237491,0.38095868,0.2168904,0.10204956,0.06261038
350,0.71360964,0.16060911,0.063649565,0.038130634,0.024001105
351,0.70552856,0.16517702,0.06356752,0.04038064,0.025346342
352,0.6040113,0.2271047,0.085392684,0.050730355,0.032760948
353,0.3768377,0.36033866,0.14490412,0.072348796,0.045570735
354,0.5066062,0.26656613,0.1172668,0.06296434,0.046596527
355,0.1801851,0.37407833,0.29822525,0.09098841,0.056522828
356,0.5703699,0.24670213,0.09213792,0.055492427,0.03529762
357,0.7802357,0.1219748,0.048783038,0.03035998,0.018646445
358,0.89609176,0.058671396,0.023237577,0.013863634,0.008135605
359,0.81556535,0.104512736,0.040075097,0.024616614,0.015230241
360,0.66763365,0.18902227,0.07197692,0.043988436,0.027378744
361,0.562862,0.24013333,0.10186649,0.059098367,0.036039907
362,0.23794368,0.40432248,0.2028902,0.09350714,0.061336584
363,0.36960578,0.36025393,0.13863026,0.079230756,0.05227928
364,0.28038356,0.38097578,0.18873277,0.091848046,0.05805978
365,0.662863,0.19585931,0.071103625,0.043082338,0.027091723
366,0.4260731,0.3101799,0.14999218,0.06903446,0.04472043
367,0.63197327,0.20359391,0.08296731,0.04948085,0.03198477
368,0.5421675,0.243359,0.10749049,0.06440851,0.0425745
369,0.8170963,0.096772805,0.04361135,0.026115404,0.016404165
370,0.761267,0.1363343,0.051719423,0.031477645,0.019201696
371,0.7841045,0.12203406,0.046883985,0.028955618,0.018021911
372,0.122852005,0.19092365,0.32903916,0.20132087,0.1558643
373,0.1524716,0.30132216,0.34810552,0.123017795,0.07508296
374,0.94219637,0.031069461,0.013944712,0.008146221,0.0046431995
375,0.95933473,0.022781365,0.009357712,0.0054943096,0.003031796
376,0.93936557,0.035524752,0.013258002,0.007617232,0.0042344276
377,0.7877085,0.11911831,0.046517234,0.028522395,0.018133517
378,0.7168283,0.15895881,0.061782237,0.03823414,0.02419652
379,0.88774574,0.065067425,0.024275979,0.014558063,0.008352741
380,0.48595,0.2884826,0.1140635,0.06806685,0.043437004
381,0.6823099,0.19543524,0.06351048,0.036436774,0.022307606
382,0.63308954,0.21006572,0.07947591,0.04729553,0.030073386
383,0.30449334,0.34063223,0.2082745,0.08678617,0.059813797
384,0.3794799,0.32825753,0.1487415,0.085715,0.05780614
385,0.8548483,0.08180158,0.031263363,0.019978944,0.012107769
386,0.5121801,0.26241463,0.11158676,0.06876125,0.045057237
387,0.68935996,0.17611097,0.06757855,0.040714297,0.026236176
388,0.66733044,0.19221032,0.06947301,0.042952336,0.028033959
389,0.8128582,0.10278868,0.042785235,0.025639918,0.01592801
390,0.5918784,0.24253511,0.08485588,0.049213484,0.031517167
391,0.57038146,0.23856297,0.09404178,0.05874281,0.038270928
392,0.12800993,0.21005227,0.3573847,0.15928587,0.14526717
393,0.27645135,0.3628324,0.21813491,0.09005676,0.05252459
394,0.29160392,0.3972978,0.16152051,0.0901343,0.059443388
395,0.60393244,0.20927042,0.091820456,0.056673173,0.03830354
396,0.47791386,0.3066916,0.11043368,0.06358728,0.041373625
397,0.8902048,0.061199684,0.02507316,0.014676492,0.00884585
398,0.6545832,0.19237691,0.07776366,0.04562675,0.029649511
399,0.5866887,0.23470113,0.089904,0.05347611,0.03523001
400,0.71369046,0.16611521,0.0610843,0.0364328,0.02267725
401,0.9196811,0.046899233,0.017178219,0.010323467,0.005918024
402,0.67057097,0.19671267,0.068168975,0.03963371,0.024913626
403,0.9298043,0.03763696,0.016555222,0.010070374,0.0059331176
404,0.8966868,0.05902287,0.022286175,0.013943403,0.008060739
405,0.70929444,0.16514432,0.06302656,0.03821211,0.024322644
406,0.75979453,0.13600212,0.051596843,0.03241958,0.020186873
407,0.50782305,0.28822464,0.10300926,0.061161954,0.039781068
408,0.14104524,0.31227157,0.4024057,0.09244299,0.051834498
409,0.34646827,0.36147964,0.14863326,0.08581515,0.057603713
410,0.28787082,0.38360986,0.17376937,0.09307347,0.061676472
411,0.74521863,0.14132044,0.05564303,0.035336453,0.022481434
412,0.84436125,0.08698565,0.03404874,0.021444814,0.013159643
413,0.9144398,0.04823263,0.0194322,0.011195473,0.0066999337
414,0.9567453,0.025085222,0.009706766,0.0054680994,0.0029945772
415,0.27724332,0.38691327,0.1734889,0.09768459,0.06466992
416,0.5645336,0.23478615,0.0961223,0.06286279,0.04169513
417,0.3150073,0.3546304,0.18632178,0.086922504,0.057117976
418,0.4586487,0.30910146,0.11849061,0.06876082,0.04499844
419,0.85065645,0.08236657,0.033073943,0.021067835,0.012835271
420,0.9009512,0.054093372,0.022852441,0.013943881,0.00815914
421,0.83788943,0.09470501,0.03399676,0.020882055,0.012526632
422,0.6309401,0.213333,0.07730662,0.04792139,0.030498965
423,0.407049,0.32688656,0.13445984,0.07912261,0.052481987
424,0.58405566,0.23575561,0.09041417,0.05439719,0.035377398
425,0.7863248,0.122937456,0.044848263,0.028714929,0.017174574
426,0.23325607,0.43335137,0.18933569,0.08868089,0.055375986
427,0.65867347,0.19504671,0.07381891,0.044394422,0.028066527
428,0.7298292,0.15897886,0.05703931,0.03348456,0.020668063
429,0.8697527,0.07386438,0.028112946,0.017726637,0.010543335
430,0.6778457,0.18607761,0.069109716,0.040964168,0.026002835
431,0.47426158,0.29547107,0.11268569,0.07061851,0.046963092
432,0.7303307,0.1508865,0.061022125,0.035231207,0.022529315
433,0.7851253,0.12312489,0.046674117,0.02782641,0.01724921
434,0.83216196,0.09417318,0.037211884,0.022686712,0.013766256
435,0.21532182,0.39915618,0.22127502,0.10164865,0.06259834
436,0.79923254,0.11072754,0.04403561,0.028409947,0.017594421
437,0.55560404,0.24497125,0.09824987,0.060504302,0.040670503
438,0.5482393,0.27420175,0.09409651,0.051420536,0.032041963
439,0.73175716,0.16658841,0.052333757,0.030605536,0.018715052
440,0.7609703,0.13536553,0.052809943,0.031549405,0.019304845
441,0.7369247,0.15006952,0.056873012,0.034496646,0.021636132
442,0.9713038,0.017112628,0.0061568725,0.0035533605,0.0018733664
443,0.7005725,0.17054582,0.06551936,0.039020464,0.024341851
444,0.9413967,0.03450445,0.012528424,0.0074474257,0.004123101
445,0.8454311,0.08518554,0.03561234,0.020961698,0.012809376
446,0.81159246,0.10231371,0.043462247,0.026391553,0.016240038
447,0.8601889,0.082096115,0.029636532,0.017648693,0.01042966
448,0.7157464,0.16608587,0.06017985,0.03582378,0.02216413
449,0.31015754,0.39691815,0.15380903,0.084154904,0.054960392
450,0.7332352,0.16494508,0.05277533,0.030131374,0.018912997
451,0.31573153,0.34566617,0.19603066,0.08782531,0.05474634
452,0.43329114,0.28492078,0.14936417,0.08006109,0.05236285
453,0.44360116,0.29316407,0.14260112,0.07268783,0.047945853
454,0.75322837,0.14714248,0.04988247,0.03089236,0.01885431
455,0.3003072,0.38941464,0.16260643,0.08902129,0.05865039
456,0.5579338,0.26681677,0.09086076,0.051452503,0.032936227
457,0.8263769,0.097751416,0.038104188,0.02350841,0.014259052
458,0.86672837,0.075046904,0.02891722,0.018353634,0.010953818
459,0.8786801,0.06955805,0.025918882,0.01625936,0.009583644
460,0.34391972,0.38662896,0.1491058,0.073973946,0.04637163
461,0.7704359,0.12646785,0.05188674,0.031199068,0.02001042
462,0.742821,0.14843278,0.05517729,0.033096857,0.02047214
463,0.40945792,0.31268904,0.14574507,0.07734365,0.054764282
464,0.7471703,0.14398195,0.053294852,0.034029596,0.021523327
465,0.8759054,0.07141476,0.027576355,0.015849847,0.009253618
466,0.81415755,0.10305292,0.04064853,0.02614027,0.016000742
467,0.8520792,0.089982815,0.030388514,0.017479315,0.01007007
468,0.848541,0.084270954,0.03375733,0.020757029,0.012673687
469,0.8675358,0.07112548,0.029881898,0.019583674,0.011873141
470,0.92416084,0.042702347,0.01705754,0.010200351,0.005878933
471,0.1189208,0.2511622,0.41429824,0.1336964,0.081922345
472,0.5195422,0.27616066,0.104206,0.0603828,0.039708268
473,0.7552066,0.1343936,0.053741835,0.034647733,0.022010252
474,0.47382215,0.3045566,0.11359804,0.06525055,0.04277273
475,0.83833283,0.09452425,0.034793276,0.020275995,0.012073671
476,0.80983603,0.1144699,0.039031304,0.022961233,0.013701577
477,0.3284806,0.38497257,0.1554834,0.07928186,0.05178157
478,0.4276553,0.2707029,0.15315905,0.083886854,0.0645959
479,0.859852,0.07562596,0.03223123,0.01997535,0.012315472
480,0.3716188,0.3328307,0.15477529,0.08282049,0.05795464
481,0.47858897,0.26617622,0.12480986,0.07609762,0.05432736
482,0.517832,0.28398278,0.10165276,0.058466557,0.038065918
483,0.4652892,0.317703,0.11715648,0.060805477,0.03904578
484,0.92209035,0.04380869,0.01767489,0.0104484325,0.0059776497
485,0.8270513,0.09625715,0.03798577,0.02403952,0.014666271
486,0.7039626,0.17350118,0.061391704,0.037463192,0.023681317
487,0.73469365,0.14939688,0.05830362,0.035264485,0.02234133
488,0.784753,0.12517305,0.044209745,0.028480185,0.017383968
489,0.38328296,0.35511136,0.1309397,0.07874781,0.05191816
490,0.8617083,0.08041175,0.029008199,0.018124722,0.0107470965
491,0.22805223,0.38970053,0.21093129,0.10369918,0.0676168
492,0.8287503,0.09611327,0.037234258,0.023567056,0.014335124
493,0.862531,0.07681187,0.030042205,0.019169321,0.0114456015
494,0.7962576,0.11920229,0.042426545,0.02607542,0.016038198
495,0.83109474,0.091533914,0.03893702,0.02371194,0.014722333
496,0.5209637,0.27262312,0.10438186,0.061634444,0.04039683
497,0.904255,0.05517904,0.021371681,0.012150592,0.0070437384
498,0.91268903,0.04914747,0.01980251,0.011648615,0.0067123347
499,0.8289221,0.100578286,0.035579707,0.021824092,0.01309583
500,0.7333919,0.15118921,0.056737088,0.03609308,0.022588775
501,0.63094693,0.22152509,0.076021366,0.04363815,0.02786848
502,0.6274365,0.21258609,0.08041863,0.04804943,0.031509347
503,0.8150254,0.10701113,0.038364954,0.024630653,0.014967825
504,0.8935351,0.065266214,0.021116128,0.012753751,0.0073288446
505,0.8649221,0.07407852,0.030970735,0.018682243,0.011346363
506,0.8022335,0.11015606,0.043934096,0.027061913,0.016614366
507,0.66371894,0.19062112,0.07292721,0.04397417,0.028758604
508,0.5581789,0.2610063,0.09255794,0.05360135,0.034655504
509,0.69093335,0.17193578,0.06858768,0.042004272,0.026538873
510,0.9079335,0.051428758,0.020729773,0.012576259,0.0073318197
511,0.35970834,0.36894155,0.14704545,0.076059915,0.04824471
512,0.84077585,0.08501712,0.037346918,0.022581981,0.014278148
513,0.8977073,0.059151635,0.022031322,0.013389429,0.007720417
514,0.35096875,0.32859233,0.18269078,0.08441634,0.053331837
515,0.56797844,0.25578958,0.09048109,0.052826375,0.032924466
516,0.8853771,0.065965526,0.024309773,0.015276875,0.009070709
517,0.64238334,0.21177384,0.07268406,0.044521403,0.028637303
518,0.8731721,0.072262645,0.026899485,0.017393861,0.010271932
519,0.7132465,0.15878212,0.06401837,0.038862772,0.025090177
520,0.23791042,0.4035718,0.20808113,0.09178532,0.058651336
521,0.9246864,0.042209487,0.017184554,0.010074104,0.005845505
522,0.94518536,0.031531826,0.012367729,0.0069923606,0.0039227107
523,0.9103966,0.05130486,0.020117538,0.01145771,0.0067232545
524,0.8325376,0.09554384,0.036259007,0.022078818,0.013580729
525,0.78616464,0.12890735,0.044052433,0.025271475,0.015604057
526,0.43280968,0.32334343,0.13074125,0.06794592,0.045159757
527,0.67087865,0.18050832,0.07379693,0.045225717,0.029590435
528,0.83808476,0.09132709,0.036089316,0.021452716,0.013046099
529,0.8747314,0.0688439,0.028458245,0.017406536,0.010559921
530,0.20425671,0.4180176,0.2258718,0.09441219,0.05744176
531,0.6317955,0.2085767,0.08372714,0.04520506,0.030695496
532,0.7450502,0.15195398,0.052309997,0.031423535,0.019262377
533,0.63809794,0.21019618,0.078836024,0.0448154,0.028054414
534,0.25768647,0.4033561,0.18070821,0.0958944,0.062354907
535,0.6195378,0.21911974,0.081507154,0.048427716,0.031407584
536,0.51659405,0.27974826,0.10355841,0.060574144,0.03952518
537,0.3955401,0.34232873,0.13287874,0.077984124,0.051268347
538,0.88566124,0.061024144,0.026563553,0.016602194,0.010148749
539,0.62671566,0.21636114,0.07936469,0.047391705,0.03016686
540,0.62859416,0.21420524,0.0776148,0.048575796,0.03100995
541,0.40657952,0.32353628,0.14092244,0.07708296,0.05187885
542,0.22239451,0.4101439,0.2032175,0.10026285,0.06398122
543,0.576262,0.24058004,0.09231859,0.055398535,0.035440765
544,0.9544002,0.02616219,0.010179817,0.005952539,0.0033051923
545,0.85937995,0.08120457,0.031140579,0.017680952,0.010593957
546,0.93433905,0.03547425,0.01544063,0.009271165,0.005474844
547,0.88458323,0.06167723,0.026865069,0.016681688,0.01019275
548,0.9019012,0.054325595,0.022363517,0.013454433,0.007955281
549,0.78555346,0.12792352,0.044294935,0.026192417,0.016035622
550,0.73057187,0.1604946,0.054144356,0.033836834,0.020952383
551,0.4133598,0.34155065,0.12723278,0.07174062,0.046116125
552,0.9099538,0.049891792,0.020526463,0.012377098,0.0072509237
553,0.9150282,0.04567651,0.019915037,0.012184985,0.007195281
554,0.90193635,0.055417184,0.022190785,0.012878051,0.007577622
555,0.8794978,0.06868138,0.026525967,0.015894134,0.009400722
556,0.7913833,0.117501475,0.045083363,0.028232874,0.017798852
557,0.72042966,0.15870486,0.05895009,0.038057663,0.02385775
558,0.5783584,0.23925751,0.09149348,0.055666883,0.035223637
559,0.10062717,0.18834695,0.51332664,0.11824542,0.079453796
560,0.7819176,0.12108593,0.049340278,0.02917269,0.018483574
561,0.8560359,0.08453314,0.030494815,0.017983552,0.010952609
562,0.8557593,0.078436546,0.032904692,0.020353595,0.012545906
563,0.86821103,0.072835766,0.029816156,0.018189196,0.010947846
564,0.17848738,0.35839736,0.2911542,0.104339585,0.06762148
565,0.91836363,0.04563714,0.018417846,0.011121753,0.0064596278
566,0.74544275,0.14519429,0.0545448,0.033705506,0.021112699
567,0.8394822,0.09398833,0.0341432,0.020293858,0.012092451
568,0.6232544,0.21299815,0.08284565,0.04926966,0.03163214
569,0.7830248,0.12044181,0.04812046,0.029760357,0.018652627
570,0.80309945,0.11324917,0.043201998,0.024877992,0.015571413
571,0.77837104,0.13238566,0.0458214,0.026843987,0.016577959
572,0.21329853,0.3614425,0.26004067,0.098748975,0.06646933
573,0.8603513,0.0848449,0.028556097,0.01674779,0.009499845
574,0.87003106,0.076379165,0.026932133,0.016841425,0.009816253
575,0.6358867,0.20052253,0.081335485,0.04970692,0.032548346
576,0.89487725,0.058038753,0.02400831,0.01432703,0.008748658
577,0.8936427,0.060340073,0.023147313,0.014400472,0.0084694605
578,0.3174766,0.3636209,0.17268804,0.08909373,0.057120785
579,0.2812697,0.3901368,0.18253832,0.089988835,0.056066327
580,0.23870444,0.43325537,0.18755828,0.08634312,0.05413879
581,0.34034994,0.36751005,0.16620067,0.07673189,0.049207516
582,0.37115258,0.34678364,0.16180329,0.07359934,0.046661194
583,0.62005335,0.21444246,0.08231821,0.05022558,0.032960348
584,0.8499206,0.08907603,0.031156901,0.018719284,0.0111272335
585,0.85300803,0.0830455,0.03335932,0.018966546,0.011620506
586,0.11561171,0.23713662,0.48114753,0.10188397,0.06422021
587,0.92653304,0.041898396,0.016387971,0.009637984,0.00554261
588,0.8975762,0.060367413,0.021440323,0.013075058,0.0075410474
589,0.2633756,0.40625566,0.18200244,0.090471394,0.057894904
590,0.92486703,0.042886596,0.016581375,0.010019728,0.0056453035
591,0.78678113,0.1161483,0.048784725,0.030024108,0.018261781
592,0.72174066,0.16427468,0.05762648,0.034555696,0.021802383
593,0.93238115,0.037082426,0.015662976,0.00937914,0.005494411
594,0.12416961,0.21517146,0.36318722,0.18952577,0.10794599
595,0.079994485,0.19482434,0.59663516,0.08300362,0.04554245
596,0.8338943,0.09403157,0.036000878,0.022267127,0.013806155
597,0.7847076,0.12458285,0.04563072,0.027847499,0.017231356
598,0.5180857,0.28001913,0.10571663,0.058522545,0.03765597
599,0.19759442,0.3973533,0.26649344,0.08760667,0.05095219
600,0.96340495,0.021084685,0.008252188,0.004686302,0.0025718557
601,0.9426547,0.03335837,0.01262073,0.007240198,0.004125988
602,0.91833025,0.0457046,0.018519918,0.0110522155,0.006392949
603,0.8380581,0.086109996,0.037049923,0.0238195,0.014962486
604,0.91072756,0.05225937,0.019057354,0.01141406,0.0065415795
605,0.24594945,0.40926296,0.19690102,0.090116456,0.057770096
606,0.671233,0.19094968,0.06971669,0.042132325,0.025968386
607,0.68914825,0.1758,0.06717455,0.041781034,0.026096167
608,0.22688471,0.37117636,0.27223042,0.08018623,0.04952228
609,0.6144642,0.21644802,0.0842269,0.051483758,0.033377126
610,0.30092645,0.37270004,0.18625098,0.083738394,0.056384094
611,0.6014036,0.20448826,0.09605281,0.05287364,0.04518176
612,0.6441613,0.2071315,0.0757839,0.04485579,0.028067598
613,0.7089873,0.16362405,0.06363554,0.039142,0.024611106
614,0.60965014,0.22940338,0.080798045,0.04919137,0.030957082
615,0.62029934,0.22097614,0.079088986,0.0489888,0.030646747
616,0.4620106,0.2985379,0.12193876,0.070605636,0.04690715
617,0.57270837,0.22116143,0.09940614,0.06348918,0.04323488
618,0.94697815,0.029829534,0.012125081,0.007099651,0.0039677504
619,0.90544534,0.053300798,0.02108218,0.0127487965,0.007422952
620,0.41282886,0.35188246,0.12216404,0.06859892,0.044525687
621,0.8074763,0.10355962,0.044023465,0.027601441,0.017339295
622,0.670146,0.17657802,0.07384183,0.048269458,0.031164687
623,0.6818899,0.17361832,0.07231553,0.04384753,0.028328745
624,0.53674954,0.27001685,0.09525744,0.059080645,0.038895514
625,0.26603243,0.38528,0.19099474,0.09438369,0.06330914
626,0.69899803,0.1717924,0.06487519,0.03987214,0.024462266
627,0.37353843,0.347851,0.14851423,0.07828451,0.051811773
628,0.41629025,0.3362772,0.13100444,0.07116452,0.045263592
629,0.45681196,0.31179944,0.118007615,0.0694412,0.043939777
630,0.86313313,0.07304363,0.03205669,0.0195806,0.012185983
631,0.8836805,0.067248605,0.024805956,0.015248009,0.009016983
632,0.83997357,0.08921832,0.03638926,0.021547934,0.012870814
633,0.51564735,0.26080474,0.11006804,0.06790631,0.04557351
634,0.3129431,0.39170602,0.15437537,0.08539389,0.055581577
635,0.08759471,0.16110386,0.59108895,0.10155761,0.058654808
636,0.8754476,0.06857945,0.027487544,0.018015213,0.010470184
637,0.662388,0.19118437,0.07255317,0.04518518,0.028689273
638,0.8862661,0.062250413,0.02561101,0.016366966,0.009505586
639,0.788289,0.12489944,0.044206165,0.026513126,0.01609223
640,0.28085014,0.38023722,0.19083849,0.08980342,0.05827071
641,0.2044095,0.3214261,0.2788281,0.11291037,0.08242591
642,0.35150352,0.39933535,0.14056627,0.06680049,0.041794304
643,0.15519021,0.28789398,0.40538454,0.094476216,0.057055075
644,0.12467781,0.25239718,0.32106707,0.19825913,0.1035988
645,0.109325275,0.25601578,0.47077882,0.10460042,0.059279807
646,0.48196453,0.29737884,0.11825538,0.062155012,0.040246155
647,0.6639022,0.19670744,0.07153284,0.041363407,0.02649412
648,0.6172947,0.20832764,0.09156311,0.05035106,0.032463465
649,0.5336088,0.26464695,0.10128519,0.060803194,0.039655816
650,0.252661,0.38349265,0.21393636,0.09109702,0.058812983
651,0.07697953,0.12755898,0.4527347,0.1797917,0.16293508
652,0.65148425,0.19699751,0.07495022,0.046518244,0.030049738
653,0.15665899,0.29315636,0.30679655,0.15415591,0.089232214
654,0.14521645,0.2757826,0.30666944,0.17698355,0.09534799
655,0.18301874,0.31178555,0.31180906,0.11252654,0.08086012
656,0.16326138,0.25479624,0.35764733,0.12784779,0.09644729
657,0.10661973,0.21709509,0.49960506,0.1127217,0.06395845
658,0.112954915,0.20486136,0.5036221,0.09890904,0.079652555
659,0.09111986,0.2027193,0.54666096,0.10292224,0.05657764
660,0.46498302,0.29467115,0.120642014,0.07133397,0.04836988
661,0.079901755,0.15920338,0.590386,0.106065795,0.0644431
662,0.37312573,0.3608426,0.13712344,0.07817884,0.050729383
663,0.12883385,0.28327012,0.41650856,0.10792681,0.06346063
664,0.6036161,0.21705575,0.08980358,0.054173537,0.03535105
665,0.3485829,0.3771243,0.14245497,0.07962414,0.05221374
666,0.27410936,0.41120443,0.16865179,0.088364415,0.057669967
667,0.43751755,0.320925,0.1232642,0.07269993,0.045593373
668,0.20374754,0.3827435,0.23416196,0.10933945,0.070007585
669,0.5078469,0.2850948,0.10542859,0.061284997,0.040344693
670,0.45456618,0.31070358,0.124856494,0.06557837,0.04429545
671,0.53894037,0.2657144,0.09901522,0.05832678,0.038003273
672,0.1483596,0.31931436,0.3678438,0.10457298,0.059909306
673,0.74776053,0.14661989,0.05278886,0.032279763,0.020550925
674,0.23781712,0.40276596,0.1971024,0.098213516,0.06410105
675,0.5439781,0.25660008,0.10147792,0.059403878,0.038540024
676,0.3421089,0.3599842,0.1535481,0.08643097,0.057927914
677,0.14459056,0.27989435,0.31467023,0.16426927,0.09657557
678,0.28107214,0.381298,0.18750867,0.090608455,0.059512712
679,0.1887824,0.30690923,0.24666779,0.16657798,0.091062665
680,0.5267967,0.27091914,0.10351732,0.058945388,0.039821472
681,0.75457126,0.13922793,0.053541172,0.03237365,0.020285983
682,0.15225007,0.29643777,0.38309777,0.104385294,0.06382906
683,0.07175785,0.18366928,0.6234622,0.08293673,0.038173925
684,0.13237242,0.22274375,0.25151652,0.28043,0.11293736
685,0.2579515,0.42779428,0.17592083,0.08560644,0.05272697
686,0.18428002,0.28150266,0.30907086,0.13004547,0.095100954
687,0.22756493,0.34692812,0.26130435,0.100559935,0.06364271
688,0.2653933,0.36605543,0.20435373,0.10199824,0.062199317
689,0.09405134,0.22434056,0.48871067,0.12321099,0.069686405
690,0.11436407,0.27008122,0.4366005,0.11108056,0.06787372
691,0.12805851,0.24246186,0.33468553,0.1911354,0.10365867
692,0.13774875,0.25471064,0.37951028,0.14870062,0.0793297
693,0.32157728,0.40156224,0.14878513,0.07821106,0.049864214
694,0.6158103,0.22212575,0.08132559,0.049603187,0.031135121
695,0.09021958,0.20482412,0.5194091,0.12124561,0.0643016
696,0.66932744,0.19841293,0.06736921,0.04010022,0.024790235
697,0.90578294,0.056110878,0.019570302,0.01177537,0.006760485
698,0.8227336,0.108012155,0.03492762,0.021598818,0.012727831
699,0.5592155,0.25263837,0.095087826,0.05680703,0.03625128
700,0.52638036,0.2699567,0.1011999,0.061625313,0.04083776
701,0.24386758,0.38891017,0.22665982,0.0863514,0.054211013
702,0.03063016,0.06580949,0.80081475,0.07127537,0.031470176
703,0.08042623,0.14688988,0.4352714,0.23864757,0.09876482
704,0.5864922,0.24163647,0.08791527,0.05089212,0.033063967
705,0.29715863,0.38281947,0.16927902,0.09153867,0.05920428
706,0.061688457,0.15156394,0.62496716,0.102829576,0.05895088
707,0.29026663,0.38548878,0.1912377,0.08100488,0.052002016
708,0.49345386,0.30607468,0.10238,0.059716094,0.038375314
709,0.89320636,0.0637426,0.022530742,0.013082474,0.0074378545
710,0.12936302,0.27837294,0.38850847,0.12913924,0.07461628
711,0.45282176,0.31303012,0.12041724,0.06895587,0.044775028
712,0.16326694,0.30009845,0.3507021,0.114152625,0.071779944
713,0.21803372,0.39429194,0.22710669,0.09996678,0.060600944
714,0.027151966,0.059866637,0.82221466,0.060052563,0.030714167
715,0.10407405,0.22884394,0.5296052,0.08653951,0.0509373
716,0.25997084,0.37564108,0.19936764,0.10042256,0.06459777
717,0.12095928,0.22173408,0.46469948,0.11227331,0.080333784
718,0.74331045,0.1411688,0.05694841,0.036025137,0.022547157
719,0.57162964,0.25522485,0.09003794,0.05067536,0.032432146
720,0.8855601,0.06376041,0.026178708,0.015257858,0.00924294
721,0.10000983,0.22121082,0.52490014,0.10206235,0.051816855
722,0.11800562,0.25322247,0.45844197,0.10901099,0.06131894
723,0.15514976,0.3679962,0.29827568,0.11141669,0.067161664
724,0.25782746,0.37906817,0.19332804,0.104732335,0.06504396
725,0.22116217,0.43533668,0.20047861,0.088159926,0.054862577
726,0.7868784,0.13379008,0.04169603,0.02367983,0.01395565
727,0.25555572,0.40438738,0.18273292,0.09485969,0.062464304
728,0.5350566,0.2294104,0.11442932,0.069899596,0.05120402
729,0.19252841,0.36857742,0.27301174,0.10298627,0.062896125
730,0.75681585,0.13134341,0.055776913,0.03409517,0.021968585
731,0.2853408,0.36894175,0.18202323,0.09771244,0.06598186
732,0.089075856,0.16579165,0.49923223,0.16225272,0.083647594
733,0.16630931,0.30565503,0.36212692,0.105446145,0.060462594
734,0.27597725,0.38953745,0.18133728,0.091860004,0.061288014
735,0.4699069,0.29585424,0.11463788,0.07182675,0.047774244
736,0.19013637,0.35562852,0.2730324,0.110864304,0.0703384
737,0.09155742,0.20882863,0.5193741,0.11902135,0.061218526
738,0.18520914,0.38051242,0.26499557,0.105743684,0.06353919
739,0.42689812,0.25651887,0.16614994,0.08189053,0.06854246
740,0.08026731,0.1895106,0.5908127,0.088580824,0.050828513
741,0.3015504,0.37121803,0.17393649,0.09248275,0.060812328
742,0.08059453,0.17885406,0.59473276,0.09510997,0.0507087
743,0.21871732,0.39821115,0.229547,0.094312295,0.05921231
744,0.26618773,0.38882822,0.20563096,0.0859967,0.053356346
745,0.05456301,0.12910143,0.6716164,0.0947693,0.04994993
746,0.7700649,0.13138624,0.050020553,0.030011272,0.018517036
747,0.58149064,0.2406133,0.09015775,0.053220436,0.034517936
748,0.096109405,0.22188556,0.48281863,0.13237603,0.06681034
749,0.40127608,0.3414139,0.1330506,0.07555002,0.04870946
750,0.56851405,0.24352807,0.09459048,0.05614185,0.037225526
751,0.2422221,0.46957168,0.16796215,0.07504259,0.04520146
752,0.49074244,0.28634065,0.11283755,0.06572536,0.04435402
753,0.73394006,0.15211736,0.05741362,0.034762166,0.021766784
754,0.12075706,0.28225777,0.42484248,0.111574106,0.060568582
755,0.21763277,0.35051277,0.27350128,0.09866023,0.0596929
756,0.37710905,0.3362602,0.1420281,0.08688338,0.05771935
757,0.72188073,0.16449821,0.057925694,0.034439478,0.021255784
758,0.09719395,0.20098436,0.49872017,0.12542042,0.07768111
759,0.7150749,0.16271017,0.060742896,0.037801765,0.023670297
760,0.13356015,0.28104144,0.35946637,0.14370987,0.08222216
761,0.15373915,0.35628983,0.31462702,0.107120894,0.06822311
762,0.7346466,0.145213,0.061799426,0.036256958,0.02208396
763,0.2590007,0.37941447,0.19303592,0.10357103,0.0649779
764,0.25070918,0.38120505,0.21619268,0.09343841,0.058454584
765,0.80824304,0.10677995,0.042949695,0.025967231,0.016060127
766,0.34366438,0.38108793,0.14722084,0.07768407,0.050342742
767,0.85510767,0.07873944,0.03351327,0.02034869,0.012290876
768,0.2073608,0.3775703,0.23953307,0.10617873,0.06935707
769,0.18956876,0.36436987,0.26901126,0.11013768,0.0669125
770,0.88347757,0.06888022,0.025079483,0.0144002875,0.0081625255
771,0.09301288,0.21551707,0.54016787,0.095251806,0.05605043
772,0.0787924,0.18997687,0.58102524,0.09529505,0.054910436
773,0.47516432,0.3034479,0.115542956,0.06407568,0.041769125
774,0.5783743,0.22771928,0.09587496,0.05845034,0.039581176
775,0.094728746,0.18549898,0.41222373,0.2148777,0.092670806
776,0.26743627,0.36359462,0.2059451,0.10035422,0.0626698
777,0.71350545,0.17361802,0.058858898,0.033470497,0.020547114
778,0.40781444,0.3415564,0.1342744,0.070088714,0.04626601
779,0.7345708,0.14915536,0.058954436,0.035099808,0.022219695
780,0.303482,0.3542331,0.1775451,0.099609844,0.0651299
781,0.31313854,0.39305133,0.155403,0.08357029,0.05483682
782,0.5994638,0.24111873,0.081750244,0.047519322,0.030147905
783,0.10403742,0.19624437,0.32233915,0.26922214,0.108156905
784,0.10380558,0.26394972,0.4799077,0.099809214,0.052527815
785,0.41887876,0.32899204,0.12801148,0.0741899,0.049927842
786,0.55508804,0.2632936,0.09445532,0.05296894,0.034194067
787,0.35838938,0.33521533,0.1555541,0.09019727,0.060643878
788,0.21028256,0.3845262,0.24991478,0.09573884,0.0595377
789,0.20186625,0.36470342,0.26741216,0.101409785,0.06460842
790,0.31577408,0.35676908,0.17852071,0.08805188,0.060884275
791,0.8610094,0.080817804,0.029766431,0.017953135,0.010453235
792,0.15888293,0.31399107,0.3422874,0.11444925,0.07038939
793,0.416533,0.35168108,0.13337612,0.06039062,0.03801917
794,0.2456948,0.42252615,0.1814958,0.092155434,0.058127735
795,0.12611456,0.2568721,0.4350203,0.10580615,0.076186836
796,0.16672209,0.3503964,0.29494596,0.118753105,0.06918245
797,0.4930215,0.2962717,0.10451364,0.06430899,0.04188415
798,0.17415474,0.34516463,0.31688702,0.09995523,0.06383832
799,0.08129218,0.1994491,0.5685219,0.09726904,0.053467773
800,0.63883114,0.22061618,0.07067629,0.043614633,0.02626173
801,0.5142464,0.28360426,0.102371804,0.059859667,0.03991784
802,0.07341964,0.12616459,0.2753768,0.40758193,0.1174571
803,0.046310965,0.091153204,0.7567415,0.065333,0.040461265
804,0.03233462,0.06309788,0.79981685,0.06404862,0.04070202
805,0.17266269,0.32705113,0.27049533,0.14454222,0.085248575
806,0.41536686,0.32462406,0.12928146,0.07830421,0.05242341
807,0.3939955,0.34216988,0.14061718,0.07588921,0.047328204
808,0.80985206,0.11076683,0.040355552,0.024220716,0.0148048345
809,0.63815314,0.19805846,0.08124615,0.0496666,0.03287557
810,0.18200733,0.36796626,0.29167718,0.095267475,0.063081674
811,0.2411595,0.40851352,0.20686601,0.08835465,0.055106346
812,0.2805931,0.40018,0.16719282,0.092214346,0.059819713
813,0.14421695,0.36262286,0.32381573,0.10578882,0.06355566
814,0.27224874,0.38463542,0.19005162,0.09420111,0.058863126
815,0.8761924,0.06939371,0.027412118,0.016947974,0.010053736
816,0.2399122,0.407003,0.20287725,0.092054844,0.05815267
817,0.43202907,0.3212043,0.12460658,0.07316385,0.048996195
818,0.14146733,0.28061822,0.41369042,0.10420797,0.06001607
819,0.18092345,0.36064592,0.27627447,0.1124723,0.06968391
820,0.5588971,0.25458488,0.09361829,0.057037678,0.035862073
821,0.10004259,0.2383234,0.48375356,0.11553806,0.06234245
822,0.20169473,0.35467097,0.2627605,0.10928544,0.071588375
823,0.23912326,0.41208473,0.19508043,0.09402541,0.059686136
824,0.062910415,0.12573995,0.6629891,0.092725426,0.055635147
825,0.32261875,0.37654778,0.16024867,0.084807545,0.055777278
826,0.61336654,0.21416678,0.09090997,0.048206057,0.033350598
827,0.12532897,0.26416963,0.45049492,0.09984262,0.06016386
828,0.6847622,0.18636276,0.06713677,0.03789542,0.023842864
829,0.45980895,0.3131449,0.117636874,0.06683457,0.042574666
830,0.3691691,0.3665963,0.14402789,0.073190674,0.04701603
831,0.5386662,0.25912434,0.09996735,0.061077304,0.04116478
832,0.6982995,0.17174609,0.06420264,0.0402726,0.025479179
833,0.18910684,0.3814777,0.25825146,0.104748555,0.06641538
834,0.661416,0.19675893,0.070971996,0.04342123,0.027431862
835,0.19634902,0.39642113,0.23241158,0.106916584,0.067901686
836,0.39795855,0.33738068,0.14100498,0.07485864,0.048797194
837,0.56250197,0.2605748,0.09310338,0.051503476,0.03231639
838,0.17545587,0.34357315,0.3077821,0.10963243,0.06355647
839,0.13264039,0.25852835,0.40053532,0.13428386,0.07401203
840,0.16470298,0.30438825,0.33282006,0.11160762,0.08648108
841,0.49013418,0.27123952,0.12047896,0.06979828,0.0483491
842,0.08118734,0.16101047,0.58858955,0.10529415,0.063918486
843,0.14442112,0.30907807,0.3468331,0.12167426,0.07799344
844,0.5018278,0.273964,0.115745164,0.06459805,0.043865062
845,0.76830244,0.13122503,0.050386336,0.030808436,0.019277817
846,0.7944349,0.120245494,0.043158393,0.026353018,0.01580815
847,0.081793286,0.17743462,0.5753966,0.10733951,0.05803601
848,0.19479747,0.36102077,0.25405174,0.11703663,0.073093385
849,0.1270505,0.28047702,0.39465544,0.13077839,0.06703869
850,0.45721796,0.30553222,0.117914274,0.07156015,0.047775432
851,0.036120147,0.059451755,0.7017176,0.14357536,0.05913514
852,0.06499498,0.14677876,0.641811,0.09921298,0.04720225
853,0.19986697,0.41129938,0.22996011,0.09827692,0.060596615
854,0.280497,0.4029114,0.17626528,0.08562259,0.054703698
855,0.74740237,0.14626685,0.053674094,0.03251451,0.020142226
856,0.59332174,0.23794428,0.08363751,0.051789384,0.03330704
857,0.69879806,0.16464318,0.06788109,0.042110253,0.02656742
858,0.24821472,0.40550277,0.19092605,0.09437906,0.06097748
859,0.7810023,0.12391222,0.047691572,0.029102195,0.018291704
860,0.815323,0.10726324,0.039661948,0.023416806,0.014334994
861,0.86922824,0.07120292,0.029840482,0.018339626,0.011388725
862,0.7909563,0.12018485,0.045621883,0.02647197,0.016765028
863,0.20716453,0.34610996,0.24986461,0.12144729,0.07541363
864,0.09869136,0.22622503,0.49541673,0.11802447,0.061642483
865,0.5316121,0.278081,0.09811196,0.05589334,0.036301643
866,0.6378655,0.19997795,0.08084995,0.04904424,0.03226233
867,0.11434381,0.24975498,0.43886748,0.12721242,0.06982126
868,0.70883924,0.16864306,0.062353857,0.036648687,0.023515027
869,0.1890699,0.36647427,0.2824049,0.099451825,0.06259906
870,0.13024385,0.22084181,0.2619703,0.2624056,0.12453845
871,0.31456143,0.37896532,0.15636644,0.09024083,0.05986602
872,0.10210527,0.22753052,0.47934875,0.115384564,0.075630926
873,0.1993675,0.41594923,0.21615228,0.104284905,0.06424606
874,0.06870402,0.15576799,0.64478827,0.08374543,0.04699432
875,0.4350389,0.31983718,0.12857902,0.06987937,0.046665598
876,0.20572117,0.34715313,0.27834588,0.10451161,0.06426819
877,0.14689988,0.33659545,0.36651084,0.09676379,0.053230006
878,0.25236335,0.3827291,0.19977686,0.10036961,0.06476105
879,0.29163894,0.378849,0.1674366,0.09730606,0.06476947
880,0.7341632,0.14606686,0.058640152,0.037425578,0.023704166
881,0.07000924,0.15275846,0.62400216,0.09601491,0.057215214
882,0.2104959,0.39620653,0.24110359,0.093222864,0.05897107
883,0.24400838,0.38091624,0.2113234,0.099915296,0.06383672
884,0.15001741,0.2422469,0.409073,0.11611473,0.08254792
885,0.14181373,0.31867826,0.37418866,0.10468997,0.06062931
886,0.36328265,0.36837712,0.1414729,0.07697508,0.049892236
887,0.26964825,0.39038745,0.19857961,0.085323304,0.056061454
888,0.14562939,0.29977724,0.3843821,0.10871467,0.061496604
889,0.087494604,0.18914993,0.554601,0.1069035,0.061850958
890,0.80549,0.11023861,0.04249616,0.025872422,0.015902888
891,0.83120877,0.10062536,0.034970883,0.020866007,0.012328985
892,0.19876327,0.43670568,0.20888333,0.0966725,0.05897525
893,0.26357806,0.39456502,0.21416947,0.07905512,0.048632305
894,0.30498448,0.40777886,0.15624858,0.08055172,0.05043639
895,0.09056983,0.2065007,0.5277432,0.11218523,0.063001044
896,0.7230909,0.16302687,0.057158746,0.03513689,0.021586636
897,0.12720966,0.31306198,0.3856687,0.11066147,0.06339818
898,0.069999166,0.17903192,0.62256014,0.08387889,0.04452997
899,0.19082169,0.33438987,0.29686064,0.1060989,0.07182891
900,0.7745324,0.13243076,0.04709236,0.028172458,0.017772071
901,0.17956923,0.36202085,0.30153775,0.098356895,0.058515325
902,0.8173851,0.10522908,0.038880374,0.024064789,0.01444065
903,0.8051659,0.10880328,0.04316203,0.026562795,0.016305992
904,0.23407678,0.3631402,0.23124737,0.101677075,0.06985856
905,0.30279273,0.3534754,0.19136493,0.09338652,0.058980428
906,0.81732875,0.107292175,0.03840275,0.023045802,0.013930525
907,0.09783313,0.22070143,0.46495858,0.13849881,0.078007996
908,0.28642392,0.3972203,0.16346219,0.09231617,0.06057735
909,0.23885857,0.40149352,0.20853703,0.092516445,0.05859445
910,0.23765226,0.41810027,0.20075606,0.08940846,0.05408299
911,0.24248007,0.38356578,0.22980173,0.089062996,0.0550895
912,0.06775937,0.14482096,0.6341116,0.09731676,0.05599135
913,0.057392813,0.12020307,0.70423424,0.07416282,0.044007085
914,0.06897571,0.15838178,0.6451817,0.08006388,0.04739694
915,0.1545201,0.31023997,0.3582779,0.10684191,0.07012021
916,0.26988688,0.40307832,0.18486036,0.08592317,0.05625122
917,0.16768584,0.33844617,0.32259074,0.106929794,0.06434749
918,0.1979011,0.3250699,0.29595774,0.10793262,0.07313861
919,0.10260936,0.22548385,0.49716845,0.11309721,0.061641175
920,0.14250171,0.27830338,0.3717799,0.12378074,0.08363431
921,0.6245119,0.21850084,0.07870438,0.048000935,0.030281931
922,0.37634918,0.36359563,0.13821901,0.07379248,0.0480437
923,0.3755076,0.356793,0.13510793,0.079829015,0.05276255
924,0.100010395,0.20861033,0.5242143,0.107294574,0.05987031
925,0.17278199,0.42231184,0.25546205,0.09386497,0.05557921
926,0.053700127,0.0902749,0.20890722,0.5215275,0.12559016
927,0.10960131,0.23192903,0.47371817,0.1094951,0.075256415
928,0.10338106,0.24298845,0.46615556,0.122203864,0.06527105
929,0.20389685,0.42151523,0.23104432,0.08786176,0.05568182
930,0.0892829,0.20395947,0.5505524,0.101150304,0.055054888
931,0.9428071,0.032225367,0.01285435,0.0077044023,0.0044088354
932,0.15276024,0.33655447,0.322321,0.1174412,0.070923105
933,0.086282365,0.19511403,0.5638342,0.09646024,0.058309168
934,0.12540454,0.25943184,0.40173894,0.1346556,0.078769125
935,0.273915,0.3268561,0.24700837,0.09180438,0.06041612
936,0.11792686,0.2098067,0.4535503,0.12937137,0.08934475
937,0.09879376,0.16549419,0.3344464,0.2805545,0.12071112
938,0.057184316,0.11135643,0.5178838,0.23018363,0.08339183
939,0.102753915,0.23404516,0.46817893,0.123027675,0.07199433
940,0.050547816,0.09172606,0.6474222,0.13855101,0.071752906
941,0.08742481,0.18870558,0.5386093,0.12062908,0.06463112
942,0.10194833,0.2442606,0.48443785,0.10813287,0.061220374
943,0.14591439,0.32051063,0.34618387,0.11950391,0.0678872
944,0.0811149,0.14647794,0.2939799,0.3596481,0.11877914
945,0.09257053,0.18602431,0.3481708,0.273149,0.10008537
946,0.06598926,0.16003406,0.6441478,0.08618079,0.043648094
947,0.060463913,0.1458081,0.55025756,0.17642266,0.06704779
948,0.107016005,0.23204504,0.48180717,0.11758823,0.061543528
949,0.036715187,0.083986975,0.77783,0.066087104,0.035380784
950,0.19556764,0.3953245,0.25804338,0.092821315,0.0582432
951,0.017655855,0.0319407,0.85120815,0.070382304,0.028812962
952,0.032090604,0.051440917,0.77685606,0.087591514,0.05202095
953,0.13078474,0.26227158,0.4032458,0.1286669,0.07503097
954,0.19572993,0.34721547,0.27042234,0.116574176,0.070058055
955,0.023890879,0.04541044,0.8374679,0.063856766,0.029373989
956,0.050161738,0.074457005,0.69045705,0.106584765,0.07833945
957,0.41582724,0.34107983,0.12443966,0.07177723,0.046875957
958,0.12007745,0.2898574,0.43800226,0.0981947,0.05386816
959,0.07386494,0.17855804,0.57931465,0.10829707,0.059965353
960,0.17863879,0.33530644,0.30601424,0.11093207,0.06910851
961,0.086879395,0.17589426,0.5743261,0.103434056,0.05946621
962,0.015716065,0.033887442,0.89501166,0.038550127,0.01683472
963,0.13233331,0.29698083,0.42088303,0.09815342,0.051649388
964,0.15008599,0.24879038,0.28237212,0.20262039,0.116131134
965,0.017394245,0.039734352,0.8879444,0.037006848,0.01792011
966,0.05645058,0.12545769,0.6964131,0.07789773,0.043780886
967,0.20646183,0.42034894,0.24948283,0.07649673,0.04720967
968,0.01250848,0.023495128,0.91092134,0.035509877,0.017565148
969,0.014152224,0.024282789,0.8657462,0.0684842,0.027334513
970,0.064672165,0.1464512,0.6582833,0.08565335,0.04493997
971,0.04933173,0.0722994,0.3667297,0.38231057,0.12932862
972,0.15526946,0.31470436,0.3730872,0.1011154,0.05582359
973,0.18036985,0.3814794,0.28209528,0.09915153,0.056903955
974,0.019993216,0.037737586,0.8404927,0.06946392,0.032312527
975,0.02682568,0.04447768,0.8094611,0.07705382,0.042181782
976,0.0712979,0.15234925,0.6494727,0.07974521,0.047134884
977,0.25545236,0.39059228,0.21360528,0.085704446,0.0546457
978,0.014344326,0.0246872,0.86154866,0.06568151,0.033738274
979,0.025976228,0.057156492,0.80119944,0.07495284,0.04071501
980,0.1330899,0.25530967,0.3899345,0.13605611,0.085609816
981,0.19326384,0.41306522,0.22806588,0.10272488,0.062880225
982,0.10921124,0.24501953,0.46945632,0.11293825,0.06337472
983,0.25015435,0.27160236,0.25819176,0.11269741,0.10735415
984,0.03512496,0.06411086,0.70503795,0.11894304,0.07678325
985,0.11357151,0.19959036,0.2902698,0.27645153,0.12011684
986,0.09447511,0.16865054,0.34447646,0.280052,0.11234591
987,0.33915058,0.3719563,0.16059259,0.07927116,0.049029425
988,0.03985984,0.080386356,0.7522442,0.081913605,0.045595974
989,0.80643636,0.10819407,0.042811092,0.026511136,0.016047373
990,0.87537545,0.0743336,0.026568161,0.015128735,0.00859409
991,0.06889996,0.1620725,0.62733847,0.091674015,0.05001509
992,0.13584797,0.29321724,0.41336033,0.09894284,0.058631632
993,0.083098836,0.15684392,0.5091915,0.17014964,0.080716066
994,0.263897,0.38830894,0.18776093,0.09779955,0.062233567
995,0.19049141,0.40619367,0.23905538,0.10247805,0.06178149
996,0.1512982,0.33676973,0.30744895,0.12324971,0.081233464
997,0.05973835,0.12846345,0.67636055,0.08451761,0.05092009
998,0.14991173,0.31981882,0.3549579,0.11305666,0.06225486
999,0.040460974,0.07632037,0.744527,0.09498191,0.04370973
1000,0.027698833,0.061381824,0.8254224,0.055571876,0.029925024
1001,0.0484493,0.124582164,0.70201313,0.08434389,0.04061142
1002,0.08012617,0.1948914,0.56959003,0.09850802,0.056884404
1003,0.28378555,0.41124767,0.17714666,0.078270175,0.049549922
1004,0.043018106,0.08759089,0.73264813,0.08091332,0.055829536
1005,0.0683841,0.1196178,0.57580525,0.15076742,0.08542543
1006,0.009758148,0.017870273,0.92408824,0.03315168,0.015131563
1007,0.025576184,0.04346365,0.83702713,0.058909584,0.035023507
1008,0.06839566,0.10461715,0.59725237,0.13975322,0.08998157
1009,0.087995134,0.14107665,0.27779245,0.3589829,0.1341529
1010,0.016576694,0.02690951,0.105480246,0.74109703,0.10993656
1011,0.08186613,0.18368016,0.5542336,0.1098383,0.07038181
1012,0.061252482,0.14009248,0.65993375,0.09215805,0.04656326
1013,0.10152236,0.24434486,0.5337442,0.075656116,0.04473247
1014,0.06380093,0.12492062,0.4910355,0.23602822,0.0842147
1015,0.101262525,0.272211,0.47810605,0.09473498,0.05368554
1016,0.14062235,0.29573685,0.4020436,0.10174081,0.059856378
1017,0.059832726,0.103256516,0.20299304,0.5090865,0.12483123
1018,0.06451868,0.13144816,0.6543354,0.09717226,0.05252556
1019,0.14780201,0.28902203,0.3039762,0.16580036,0.093399316
1020,0.00837935,0.014597842,0.9223895,0.03857482,0.016058454
1021,0.12624533,0.26887804,0.43905383,0.1076961,0.058126666
1022,0.10406222,0.24904674,0.455722,0.12143687,0.06973223
1023,0.14494082,0.28142378,0.41444618,0.09855278,0.06063646
1024,0.039240096,0.07281242,0.7235639,0.11219558,0.052188046
1025,0.018490698,0.039814122,0.8302947,0.07852242,0.032877993
1026,0.12664178,0.2289049,0.35698783,0.18497731,0.10248819
1027,0.13608223,0.27280825,0.4109855,0.1090125,0.07111145
1028,0.05184491,0.07990771,0.24953958,0.4956294,0.123078346
1029,0.033949032,0.065346465,0.78879505,0.07666658,0.035242837
1030,0.08741304,0.19978355,0.5493497,0.10426387,0.059189867
1031,0.051116783,0.12781303,0.7017406,0.082352914,0.03697668
1032,0.13625953,0.27459022,0.4022144,0.11607521,0.070860654
1033,0.19008248,0.35171878,0.2821344,0.112428464,0.06363586
1034,0.05327212,0.08096316,0.25957164,0.47152802,0.13466506
1035,0.106692344,0.24080406,0.44049454,0.13507174,0.07693731
1036,0.12909263,0.2817405,0.41864234,0.107711665,0.06281293
1037,0.09459785,0.17675214,0.52113897,0.1305077,0.07700338
1038,0.10901764,0.2020067,0.39456388,0.1834757,0.1109361
1039,0.13767548,0.28204715,0.30257946,0.19315062,0.08454728
1040,0.6782766,0.1779583,0.07298865,0.042734794,0.02804167
1041,0.033104982,0.043746278,0.51407176,0.2796798,0.12939717
1042,0.14342861,0.2744043,0.3600133,0.14566827,0.07648555
1043,0.36920002,0.355506,0.1404971,0.081208475,0.05358842
1044,0.089069575,0.17209291,0.5704887,0.107832916,0.060515925
1045,0.05379542,0.09588036,0.68298954,0.10032252,0.067012146
1046,0.009526896,0.020996455,0.9333813,0.024603471,0.011491805
1047,0.0066362903,0.0099493675,0.91430974,0.046146207,0.022958374
1048,0.03545493,0.06082213,0.17529236,0.6028548,0.1255758
1049,0.12993668,0.26381564,0.44681627,0.09431684,0.065114565
1050,0.07955703,0.1370972,0.5744543,0.123767,0.0851245
1051,0.0617175,0.09596056,0.24509582,0.46081707,0.13640904
1052,0.2102797,0.37022445,0.2735677,0.09058459,0.055343594
1053,0.15668029,0.31862023,0.29960522,0.14012901,0.08496525
1054,0.032591753,0.058562174,0.75802153,0.10215385,0.048670724
1055,0.09130285,0.2362934,0.5285751,0.09368122,0.050147418
1056,0.033326473,0.0680392,0.81012243,0.057681046,0.03083079
1057,0.01253287,0.019792419,0.8674,0.07044946,0.029825322
1058,0.08304668,0.18902218,0.591343,0.08878516,0.047803015
1059,0.3751228,0.35757607,0.1394834,0.07721359,0.05060417
1060,0.5809392,0.24606627,0.09019683,0.050436705,0.032361135
1061,0.033264115,0.05824205,0.79532003,0.07107915,0.04209463
1062,0.1613706,0.34221357,0.30119044,0.121043116,0.07418228
1063,0.09778586,0.24665514,0.48080012,0.11261125,0.062147688
1064,0.16923316,0.33586442,0.31050128,0.11457744,0.06982368
1065,0.20631127,0.3731633,0.25308278,0.1050759,0.06236677
1066,0.066972554,0.114958,0.3377451,0.3607368,0.11958762
1067,0.28565672,0.3866035,0.19411217,0.08197826,0.0516493
1068,0.556751,0.2538559,0.09714275,0.05563406,0.03661618
1069,0.5314606,0.26323193,0.10220575,0.06223948,0.04086222
1070,0.15347612,0.31722584,0.31240466,0.13540372,0.081489645
1071,0.13631745,0.28679025,0.38518047,0.12532876,0.06638309
1072,0.17035113,0.36875835,0.29202133,0.10607356,0.06279563
1073,0.15579116,0.36087286,0.3207854,0.10119012,0.061360415
1074,0.13977934,0.24907072,0.34231755,0.1668104,0.102021985
1075,0.49613377,0.2758808,0.11530041,0.06792897,0.04475608
1076,0.03464085,0.055869836,0.12165639,0.6568122,0.13102071
1077,0.061822295,0.1031419,0.5667516,0.14996955,0.11831468
1078,0.07208749,0.16801369,0.63230395,0.08450107,0.043093804
1079,0.296512,0.3460112,0.19786134,0.09828898,0.06132652
1080,0.15370758,0.3692525,0.31360102,0.10138752,0.062051415
1081,0.034578174,0.07561111,0.79246795,0.06429818,0.03304452
1082,0.022261435,0.055473994,0.80828756,0.08106956,0.032907408
1083,0.0093883695,0.01824208,0.9090972,0.04608393,0.017188419
1084,0.029233163,0.07693089,0.8003641,0.06332302,0.030148873
1085,0.066786304,0.12709716,0.5315977,0.18853277,0.08598604
1086,0.021164974,0.038650863,0.83802134,0.070123084,0.032039706
1087,0.05593506,0.08548929,0.34174654,0.3537678,0.16306132
1088,0.046183255,0.07443171,0.15816791,0.58493346,0.13628365
1089,0.053458087,0.11739478,0.65659213,0.11775042,0.054804593
1090,0.09822587,0.23328882,0.52486295,0.09409419,0.049528234
1091,0.06284172,0.116196804,0.6595791,0.101987846,0.05939457
1092,0.15508398,0.31802732,0.28455415,0.16116774,0.081166826
1093,0.10059736,0.20763248,0.4926101,0.12771568,0.071444355
1094,0.26360413,0.38720486,0.1894694,0.09641323,0.06330837
1095,0.014756658,0.026057638,0.88073266,0.053948056,0.024504937
1096,0.14002448,0.36172885,0.33327264,0.10500033,0.059973743
1097,0.02405032,0.042881303,0.7965654,0.09539619,0.04110677
1098,0.073116705,0.1778903,0.6047825,0.09431668,0.049893808
1099,0.061744805,0.122398145,0.678029,0.0841171,0.05371096
1100,0.16884163,0.25118327,0.33326045,0.1506567,0.09605798
1101,0.14772141,0.31724426,0.31631067,0.14113796,0.07758573
1102,0.082015425,0.14442791,0.5785345,0.11816847,0.07685368
1103,0.073651835,0.16023742,0.6290703,0.085650414,0.051390048
1104,0.026829854,0.05634002,0.8069534,0.07284791,0.03702882
1105,0.088190734,0.18547826,0.5677956,0.10033412,0.0582013
1106,0.06603327,0.15550934,0.6486307,0.08324397,0.046582714
1107,0.027101088,0.054252256,0.83042717,0.05887484,0.029344613
1108,0.016923856,0.031321906,0.8279113,0.08801347,0.03582942
1109,0.031107042,0.06651111,0.80885154,0.062134497,0.03139587
1110,0.016399251,0.02561633,0.84603935,0.07748323,0.034461778
1111,0.10974314,0.2735737,0.45499054,0.102222994,0.05946959
1112,0.08549327,0.16762649,0.5836537,0.10032468,0.062901914
1113,0.083168134,0.14820376,0.44748315,0.20142573,0.119719155
1114,0.093118966,0.16546741,0.54612947,0.12103376,0.0742504
1115,0.18261836,0.3864103,0.265919,0.101625554,0.063426785
1116,0.13292176,0.30956382,0.3738532,0.11648016,0.06718109
1117,0.15089132,0.2856764,0.3504189,0.1291085,0.08390492
1118,0.90664995,0.052702725,0.020648548,0.012469949,0.007528817
1119,0.07892733,0.13747269,0.51065236,0.18031551,0.09263214
1120,0.061431475,0.12924625,0.62650543,0.11960253,0.063214295
1121,0.13569264,0.28564376,0.3677846,0.13569467,0.07518435
1122,0.0491869,0.107583396,0.7321908,0.07133971,0.03969922
1123,0.06461859,0.15236664,0.66509455,0.077624284,0.040295966
1124,0.07550936,0.16608155,0.61189,0.09728958,0.049229473
1125,0.14653337,0.31356537,0.34861553,0.120092005,0.071193755
1126,0.07849081,0.17321864,0.5800637,0.10973506,0.058491793
1127,0.037093032,0.082176454,0.75355065,0.088798255,0.038381632
1128,0.013080451,0.023400996,0.8902951,0.052281775,0.020941637
1129,0.039955877,0.06643902,0.37966162,0.4170673,0.09687616
1130,0.06835714,0.13285716,0.6367389,0.097759314,0.06428752
1131,0.033182528,0.06283939,0.74818504,0.091615446,0.06417757
1132,0.10037612,0.2597639,0.489181,0.097940534,0.05273847
1133,0.033671387,0.065666005,0.74037117,0.115188465,0.045103002
1134,0.057383135,0.120372355,0.6682835,0.09722565,0.056735378
1135,0.15733585,0.27669138,0.29645523,0.1627161,0.10680145
1136,0.050329477,0.08205099,0.19623078,0.53984684,0.13154194
1137,0.015743261,0.024946975,0.8672558,0.06232667,0.029727299
1138,0.23269987,0.38052893,0.24211892,0.09032615,0.054326173
1139,0.14994039,0.32571173,0.33291572,0.118079275,0.07335291
1140,0.03348689,0.06552438,0.77389115,0.08260644,0.044491153
1141,0.093435384,0.16007073,0.2796466,0.3431933,0.123653926
1142,0.07574109,0.13096398,0.33469343,0.3290397,0.1295618
1143,0.017822156,0.037805904,0.875546,0.046423007,0.022402948
1144,0.08973163,0.1721373,0.26039127,0.36461195,0.11312783
1145,0.063912205,0.14576992,0.64902085,0.091752775,0.049544234
1146,0.08215213,0.16921997,0.57217014,0.11052738,0.06593046
1147,0.038842432,0.07198557,0.7610508,0.07663443,0.051486764
1148,0.25984904,0.39011005,0.213599,0.0831712,0.053270653
1149,0.090041526,0.17068271,0.53180784,0.10559705,0.10187091
1150,0.0112562,0.021558471,0.88715345,0.056358747,0.023673061
1151,0.014618717,0.029124532,0.8906482,0.04483942,0.020769173
1152,0.04340532,0.097903006,0.718649,0.09726064,0.042782046
1153,0.14551446,0.2653226,0.42363775,0.0979127,0.0676125
1154,0.051063232,0.10484589,0.216595,0.52393097,0.103564896
1155,0.10332308,0.20858064,0.46835956,0.1341111,0.085625626
1156,0.17096478,0.316448,0.33449423,0.110071726,0.068021305
1157,0.12582,0.3201324,0.38623056,0.106281616,0.061535437
1158,0.07902917,0.18857974,0.6150402,0.0751047,0.042246226
1159,0.008752591,0.01492321,0.9248331,0.032949604,0.018541466
1160,0.013482207,0.02790439,0.8970862,0.041236784,0.020290423
1161,0.014335864,0.027326329,0.8718113,0.060372878,0.0261537
1162,0.02049423,0.033707622,0.81753147,0.084223874,0.04404285
1163,0.1749704,0.3724139,0.27603623,0.10818358,0.06839582
1164,0.177448,0.35702243,0.29117382,0.110447325,0.06390843
1165,0.36119556,0.3157333,0.18757214,0.08223157,0.05326748
1166,0.043538105,0.09407437,0.5883163,0.212827,0.061244197
1167,0.083981395,0.17985982,0.5000615,0.13401796,0.102079354
1168,0.02501367,0.035874818,0.80713934,0.07828043,0.053691726
1169,0.29181558,0.39225686,0.17070177,0.08814785,0.057077963
1170,0.08957845,0.19130965,0.5551911,0.10780875,0.05611206
1171,0.11427435,0.3110304,0.41338328,0.10265708,0.058654945
1172,0.37687147,0.35716945,0.1435428,0.07335435,0.04906191
1173,0.035331633,0.06829107,0.75209844,0.09921252,0.045066293
1174,0.047004417,0.084969476,0.5906514,0.19909342,0.07828133
1175,0.34177902,0.2883031,0.22868153,0.08692452,0.054311823
1176,0.20756593,0.37911555,0.25466415,0.09797452,0.06067978
1177,0.16946699,0.35072076,0.33363563,0.09217756,0.053999037
1178,0.073543124,0.14278676,0.44349352,0.24148552,0.09869111
1179,0.058384918,0.1287931,0.6311856,0.122193664,0.05944279
1180,0.02318849,0.036574855,0.6693442,0.20387694,0.067015514
1181,0.09849257,0.2184946,0.5583191,0.07704353,0.04765024
1182,0.22946101,0.3156886,0.25030184,0.10615605,0.09839251
1183,0.05539875,0.0812554,0.21362,0.33153996,0.31818587
1184,0.10851952,0.27080774,0.46558887,0.09512483,0.05995904
1185,0.05502799,0.10098142,0.63905376,0.12909101,0.07584584
1186,0.07209221,0.16186568,0.62570876,0.090423346,0.049910106
1187,0.17903659,0.3917805,0.27093747,0.098001644,0.0602438
1188,0.16574869,0.3327866,0.33731773,0.103184395,0.060962617
1189,0.22494006,0.3841239,0.21708307,0.104467094,0.06938588
1190,0.09256992,0.19409622,0.5093429,0.12834357,0.07564735
1191,0.09753586,0.23617159,0.52322394,0.0907387,0.052329913
1192,0.6222549,0.21302544,0.08347537,0.049299937,0.031944346
1193,0.34935293,0.34406203,0.15778425,0.09005495,0.05874587
1194,0.20455845,0.39610058,0.23775499,0.0991157,0.062470283
1195,0.23349084,0.39683455,0.2119434,0.0976398,0.06009139
1196,0.14561191,0.32847023,0.346243,0.11608098,0.06359383
1197,0.072012834,0.16462854,0.64192015,0.07782003,0.043618433
1198,0.12314253,0.31901625,0.39977282,0.10007152,0.057996914
1199,0.14660524,0.27588654,0.40249893,0.11222383,0.06278547
1200,0.028867291,0.05409099,0.81917787,0.060891993,0.036971826
1201,0.19445512,0.3750014,0.24916655,0.11146549,0.06991142
1202,0.27527383,0.40642405,0.17743722,0.08716547,0.053699393
1203,0.063846715,0.15083459,0.63176614,0.101937756,0.051614806
1204,0.14405766,0.32875708,0.34258053,0.117733136,0.066871636
1205,0.072816715,0.15874755,0.60814834,0.099938326,0.060349133
1206,0.19314343,0.37940252,0.26263046,0.10310588,0.061717737
1207,0.058678225,0.10515423,0.49351552,0.2296745,0.11297757
1208,0.2647017,0.38423592,0.19781059,0.09493463,0.058317184
1209,0.05327214,0.08512096,0.39455765,0.3541148,0.112934515
1210,0.032682598,0.056936897,0.70016223,0.1467581,0.063460246
1211,0.039988957,0.061961565,0.74767005,0.09022583,0.060153633
1212,0.03448745,0.08120578,0.7786433,0.07209665,0.033566754
1213,0.026481738,0.049176097,0.8186902,0.06906593,0.036586113
1214,0.20120499,0.40556166,0.22935317,0.100467995,0.063412175
1215,0.29985023,0.37067816,0.17643765,0.09238293,0.060651045
1216,0.24993838,0.38545877,0.19523054,0.103179514,0.06619279
1217,0.25859913,0.37762222,0.21801513,0.09011289,0.055650603
1218,0.23241201,0.40210617,0.22161002,0.08832153,0.05555026
1219,0.13915859,0.35842437,0.3308295,0.10921998,0.062367618
1220,0.059302535,0.0999168,0.27694702,0.44260544,0.121228196
1221,0.51127756,0.29929966,0.096558854,0.056706373,0.036157444
1222,0.076140076,0.10714759,0.1740304,0.44111273,0.20156924
1223,0.116033524,0.24750754,0.40329129,0.15504372,0.07812393
1224,0.08278752,0.16834319,0.57690984,0.10829391,0.063665606
1225,0.18945406,0.31996423,0.32685733,0.10025076,0.063473664
1226,0.07491945,0.1824838,0.58361876,0.107302204,0.051675834
1227,0.08881487,0.16165449,0.5248615,0.11502307,0.10964598
1228,0.08984943,0.20267987,0.51823664,0.12556237,0.06367171
1229,0.03766988,0.08666731,0.7696702,0.07306667,0.032925952
1230,0.2064678,0.35657394,0.2615466,0.10802548,0.06738611
1231,0.14949077,0.29977688,0.3733069,0.108734265,0.06869116
1232,0.1169594,0.25367406,0.4578351,0.1101868,0.06134461
1233,0.11365199,0.26004598,0.47549334,0.09589901,0.054909613
1234,0.04710116,0.061844405,0.5291465,0.24293037,0.11897757
1235,0.06280158,0.14055063,0.6298227,0.11326179,0.053563416
1236,0.07027589,0.110152304,0.37179908,0.33302823,0.11474451
1237,0.0527399,0.085634604,0.6300917,0.14111458,0.09041925
1238,0.026552107,0.04260617,0.083226904,0.40447673,0.443138
1239,0.042299382,0.06827499,0.63637793,0.17895122,0.07409645
1240,0.056210414,0.12191365,0.6831259,0.08965624,0.049093813
1241,0.19986272,0.36767486,0.23897827,0.12179756,0.07168655
1242,0.32196262,0.37826163,0.16065457,0.084868945,0.0542522
1243,0.06628504,0.08302613,0.17072451,0.31009746,0.36986685
1244,0.06105784,0.07623968,0.21650241,0.35278535,0.2934147
1245,0.21551745,0.38757885,0.24508741,0.094185,0.057631273
1246,0.11130959,0.26520544,0.44848,0.110069625,0.064935334
1247,0.24652435,0.40233588,0.19938141,0.092451446,0.05930697
1248,0.14466323,0.32157612,0.37538564,0.099053524,0.059321467
1249,0.07810241,0.18406466,0.6004343,0.08873108,0.04866756
1250,0.5565126,0.26106748,0.092858784,0.054673478,0.034887627
1251,0.14590226,0.34833774,0.3258453,0.11208077,0.067833975
1252,0.1361073,0.28077903,0.4029519,0.11230295,0.06785885
1253,0.11179734,0.25520465,0.47055346,0.105812185,0.056632362
1254,0.114268154,0.23721085,0.49666756,0.097762585,0.05409093
1255,0.023176512,0.044238772,0.85266024,0.052897327,0.027027097
1256,0.034495562,0.0935673,0.777788,0.06573204,0.028417122
1257,0.35312977,0.3595741,0.15713951,0.07821031,0.051946297
1258,0.15221818,0.28843972,0.39640716,0.10572699,0.05720801
1259,0.21652664,0.31415126,0.30208012,0.103808284,0.06343368
1260,0.10494425,0.24248824,0.48112905,0.109163545,0.06227498
1261,0.052527584,0.13274452,0.6521053,0.10700023,0.055622384
1262,0.0208619,0.0403396,0.83173263,0.0669938,0.040072117
1263,0.16734506,0.40917808,0.26856413,0.09674111,0.058171626
1264,0.23833792,0.40705556,0.21571189,0.08602362,0.05287104
1265,0.08527708,0.14717455,0.584536,0.10677925,0.076233156
1266,0.030362746,0.061068103,0.73308116,0.11919317,0.056294817
1267,0.10395002,0.28003797,0.45223853,0.10501167,0.05876179
1268,0.077643804,0.14325431,0.2715532,0.3915445,0.116004266
1269,0.0069440585,0.013239362,0.046151064,0.8253237,0.10834184
1270,0.18395999,0.28892273,0.3529393,0.10644404,0.06773396
1271,0.06972025,0.13473277,0.44483727,0.24125703,0.10945263
1272,0.304517,0.39753082,0.1564245,0.08571521,0.05581242
1273,0.21714315,0.4211313,0.21028088,0.09271352,0.058731154
1274,0.18086983,0.3251078,0.34341547,0.09407381,0.05653313
1275,0.22911501,0.36424986,0.24170454,0.10370084,0.061229717
1276,0.058401104,0.092209384,0.2319099,0.4491855,0.16829415
1277,0.063202076,0.119582124,0.66069055,0.10044021,0.05608507
1278,0.036729164,0.06665165,0.68509954,0.13118008,0.08033954
1279,0.054026466,0.12801859,0.6792157,0.09212833,0.04661088
1280,0.10127745,0.23177916,0.50096166,0.10550744,0.060474332
1281,0.07347178,0.11775229,0.44383746,0.2582432,0.10669527
1282,0.021244535,0.028583275,0.7341591,0.14359543,0.07241759
1283,0.07934379,0.1552376,0.60086775,0.103017956,0.06153288
1284,0.7776523,0.12368358,0.049353924,0.030383209,0.018926954
1285,0.810146,0.111512214,0.040751852,0.023340307,0.014249624
1286,0.03843113,0.07297007,0.75154793,0.09222779,0.0448231
1287,0.009116946,0.016110538,0.927979,0.030651875,0.016141627
1288,0.18704736,0.41421902,0.23534358,0.10025271,0.06313735
1289,0.024589945,0.04772964,0.8254949,0.06677719,0.035408422
1290,0.03493804,0.07497238,0.7557085,0.08715651,0.047224555
1291,0.10503306,0.19580705,0.52627784,0.1052132,0.06766883
1292,0.27222958,0.3793715,0.18789454,0.097885475,0.06261892
1293,0.019773405,0.034638904,0.74339044,0.15255947,0.04963783
1294,0.13451561,0.31821382,0.38463598,0.10147119,0.06116335
1295,0.4756973,0.3094217,0.11053108,0.06326703,0.041082785
1296,0.85801125,0.08265129,0.030202838,0.018328361,0.010806342
1297,0.09549095,0.25346234,0.50097185,0.095585816,0.05448911
1298,0.06948588,0.14412378,0.5981409,0.12319022,0.065059185
1299,0.37302125,0.3580191,0.14295527,0.07608989,0.049914476
1300,0.28081873,0.40928194,0.16793402,0.086200446,0.055764895
1301,0.045765232,0.09073308,0.7160899,0.092835985,0.0545758
1302,0.49963483,0.29014146,0.11395606,0.059542235,0.036725353
1303,0.04345056,0.10189489,0.7248881,0.08492067,0.044845823
1304,0.020649264,0.04420833,0.85530704,0.05346616,0.0263691
1305,0.2392367,0.40306914,0.21123691,0.09075711,0.05570017
1306,0.1807499,0.33893433,0.30349994,0.107189365,0.06962643
1307,0.038304664,0.058078606,0.40983054,0.37918368,0.11460253
1308,0.06664234,0.13070232,0.43138742,0.2719759,0.09929199
1309,0.23325025,0.3024077,0.2872136,0.11430165,0.0628268
1310,0.0522909,0.083326794,0.17349789,0.55256796,0.13831647
1311,0.09041722,0.21144268,0.55674493,0.089383975,0.052011207
1312,0.06162761,0.14300308,0.6569053,0.08989889,0.048565235
1313,0.14734824,0.33114463,0.36446437,0.09605479,0.060987957
1314,0.6987099,0.16767468,0.06718724,0.040435605,0.025992574
1315,0.014194653,0.025412433,0.90789664,0.034262635,0.018233724
1316,0.00836288,0.012019049,0.894462,0.060226,0.02493001
1317,0.11088396,0.23215348,0.46025977,0.121201254,0.07550145
1318,0.23148645,0.38985458,0.21791352,0.0968594,0.06388602
1319,0.26511043,0.38214734,0.19474481,0.09514369,0.06285368
1320,0.36816642,0.3748449,0.13573317,0.07429274,0.04696276
1321,0.3897387,0.35515565,0.13775007,0.07132046,0.04603512
1322,0.018059958,0.03826128,0.8671899,0.051123504,0.025365306
1323,0.23134065,0.35052124,0.24903955,0.10257628,0.06652234
1324,0.10737228,0.24465436,0.48031098,0.10462309,0.063039266
1325,0.028461821,0.048123125,0.13940862,0.6679653,0.11604111
1326,0.11182705,0.28090727,0.4344061,0.10971552,0.06314402
1327,0.011682215,0.019203996,0.88938904,0.05258752,0.027137244
1328,0.012646668,0.019510452,0.8737605,0.05965185,0.03443054
1329,0.037856475,0.056948442,0.60452145,0.20087904,0.09979465
1330,0.5714749,0.25795048,0.08910782,0.049978226,0.03148861
1331,0.06642601,0.13154031,0.43583143,0.26976106,0.0964412
1332,0.045825023,0.10335253,0.73017263,0.07874068,0.041909114
1333,0.008333524,0.015450286,0.9310431,0.03180538,0.0133676585
1334,0.05373061,0.102054894,0.66931605,0.11349122,0.061407153
1335,0.05799184,0.100385465,0.56440663,0.1673426,0.10987346
1336,0.07514367,0.14014906,0.63309556,0.09369264,0.057919074
1337,0.23683405,0.40823752,0.19939432,0.09454231,0.060991775
1338,0.07514162,0.15987639,0.6094563,0.09997334,0.055552326
1339,0.13511582,0.28208607,0.43849352,0.09041357,0.05389104
1340,0.039393593,0.06875983,0.7698811,0.07849238,0.04347301
1341,0.014082466,0.03009382,0.8754165,0.056356184,0.024051005
1342,0.108105935,0.2503725,0.500774,0.09100673,0.049740866
1343,0.024011722,0.043541472,0.83315545,0.06344672,0.035844684
1344,0.07257126,0.13601515,0.5920306,0.122940324,0.07644265
1345,0.03852033,0.085549496,0.71152705,0.110759825,0.05364329
1346,0.35346705,0.38182437,0.15045986,0.07046967,0.043779116
1347,0.19441208,0.36607045,0.26328668,0.10790018,0.068330646
1348,0.093316734,0.15299489,0.2995299,0.33198106,0.12217739
1349,0.06947713,0.1300148,0.49655122,0.2189547,0.08500214
1350,0.1376675,0.31951183,0.3745948,0.10977752,0.058448344
1351,0.5301878,0.27673763,0.096889794,0.05863751,0.03754734
1352,0.16424538,0.38365707,0.2915232,0.099786155,0.060788196
1353,0.06250736,0.14870362,0.683477,0.0702132,0.0350989
1354,0.03607878,0.075954564,0.7485375,0.09568166,0.043747455
1355,0.03264262,0.07053108,0.7383865,0.10328582,0.05515398
1356,0.03262647,0.055653412,0.7705507,0.090256594,0.05091283
1357,0.14079987,0.32629728,0.3552187,0.110663116,0.06702098
1358,0.14760903,0.31491175,0.39037454,0.095286705,0.05181796
1359,0.05274944,0.08327704,0.29059565,0.4276849,0.14569299
1360,0.05580241,0.13927613,0.6499396,0.098299205,0.05668268
1361,0.044978503,0.08345838,0.6698945,0.11304242,0.08862619
1362,0.041673455,0.089826815,0.73490995,0.086894564,0.046695217
1363,0.2775622,0.38387147,0.18471158,0.0957702,0.05808457
1364,0.21945436,0.38379407,0.23367998,0.10004612,0.0630254
1365,0.018467017,0.03880174,0.8397565,0.07359669,0.02937811
1366,0.10240299,0.19482297,0.42611217,0.17901821,0.0976437
1367,0.12679937,0.25007543,0.40971515,0.13222533,0.08118471
1368,0.06533701,0.10085352,0.3687835,0.30156413,0.1634618
1369,0.042537306,0.09408073,0.7064761,0.10544828,0.051457554
1370,0.05350991,0.07851901,0.40351915,0.3512556,0.11319628
1371,0.027316581,0.048216604,0.80358577,0.07955348,0.04132755
1372,0.28454992,0.362443,0.18688892,0.09915158,0.066966586
1373,0.12320818,0.27759933,0.3972238,0.13131942,0.07064925
1374,0.2007078,0.4105183,0.22972305,0.09707597,0.06197495
1375,0.09474032,0.21748336,0.5185964,0.11375578,0.055424087
1376,0.08233011,0.19593994,0.5764886,0.09241079,0.052830506
1377,0.055111933,0.118408754,0.59404445,0.15499839,0.077436484
1378,0.11279147,0.24535546,0.47744286,0.10485292,0.059557218
1379,0.0054830313,0.010061729,0.9511634,0.023505514,0.0097862985
1380,0.23830919,0.41745725,0.1950433,0.09169237,0.057497956
1381,0.03720768,0.058814358,0.6423264,0.17918572,0.08246583
1382,0.0015941733,0.004763132,0.01572998,0.9472619,0.030650724
1383,0.012390239,0.028790152,0.06635646,0.82691455,0.065548584
1384,0.0054346006,0.012198808,0.036180846,0.87973183,0.066453926
1385,0.004791474,0.012906627,0.038327746,0.9006026,0.043371554
1386,0.06880946,0.107899815,0.23065023,0.45745566,0.13518487
1387,0.026490904,0.048946723,0.13118143,0.6951199,0.098261006
1388,0.11394658,0.18191203,0.2815107,0.28789398,0.13473667
1389,0.008435867,0.014910397,0.036983743,0.3965955,0.5430744
1390,0.00974132,0.020999553,0.05313777,0.8396149,0.076506376
1391,0.029306442,0.060493253,0.13934559,0.6812124,0.089642264
1392,0.010984459,0.02583562,0.059553042,0.8294922,0.07413473
1393,0.0020656956,0.0053505055,0.02245559,0.94185746,0.028270794
1394,0.009605199,0.01794368,0.03981747,0.5231326,0.40950105
1395,0.025206627,0.04300272,0.10966974,0.67282677,0.14929414
1396,0.048414875,0.07249014,0.18925245,0.53346264,0.15637988
1397,0.0060491143,0.012261372,0.0472019,0.8704049,0.06408271
1398,0.0096788695,0.021444298,0.05776283,0.8409401,0.07017393
1399,0.009714977,0.020800738,0.052208684,0.83874154,0.07853403
1400,0.00938714,0.019863965,0.04856242,0.82704353,0.09514302
1401,0.0031134237,0.007560845,0.022864247,0.9192405,0.047220968
1402,0.02124645,0.040740874,0.092230916,0.74726766,0.09851409
1403,0.022350917,0.039657306,0.0964331,0.7342803,0.10727844
1404,0.011965763,0.026696103,0.06368934,0.8255184,0.07213028
1405,0.03937351,0.057505645,0.12631698,0.4025201,0.3742838
1406,0.016899167,0.021748172,0.38689756,0.44006026,0.1343949
1407,0.0050861165,0.010469383,0.04115882,0.87805784,0.06522785
1408,0.060853124,0.12157178,0.22748923,0.486392,0.10369385
1409,0.013793344,0.028453007,0.07941073,0.8014159,0.076927066
1410,0.04825416,0.063024044,0.12541224,0.25417405,0.5091355
1411,0.06045792,0.093178995,0.44868746,0.2893057,0.108369924
1412,0.007144196,0.015944336,0.048666056,0.87528634,0.052958995
1413,0.013495855,0.031116668,0.0728501,0.82665795,0.055879448
1414,0.007331432,0.016784847,0.05038826,0.8667734,0.05872211
1415,0.0024233924,0.0061475034,0.01903569,0.92826045,0.044133056
1416,0.0031936932,0.008206437,0.0241304,0.93245274,0.03201678
1417,0.016951462,0.03499506,0.08038592,0.7829592,0.084708355
1418,0.02231638,0.04014269,0.11888444,0.71507096,0.10358555
1419,0.0052913106,0.014506111,0.03988953,0.89217126,0.048141778
1420,0.042485073,0.061122574,0.18338798,0.51827604,0.19472829
1421,0.035888217,0.06750382,0.14968598,0.64419675,0.10272524
1422,0.048750903,0.08113038,0.22589315,0.5174747,0.12675086
1423,0.043264084,0.075058326,0.17367953,0.58893186,0.11906622
1424,0.00392628,0.010240214,0.035476424,0.92054105,0.029816069
1425,0.0092375865,0.015588561,0.8892622,0.061929967,0.023981579
1426,0.0083068665,0.014272389,0.91191417,0.0439665,0.021540118
1427,0.0030007067,0.006889065,0.021362394,0.90521944,0.06352834
1428,0.035216648,0.05917111,0.11847779,0.6563714,0.130763
1429,0.000103764956,0.0003815136,0.0019759461,0.9849562,0.012582579
1430,0.017442219,0.034872714,0.07475581,0.76266485,0.11026434
1431,0.083497725,0.12988545,0.2362314,0.41198063,0.13840471
1432,0.008886816,0.018385064,0.039261192,0.828717,0.10474999
1433,0.06124707,0.096210875,0.1601307,0.51678157,0.16562977
1434,0.10770144,0.14163293,0.27761328,0.25396135,0.21909103
1435,0.023622606,0.036173146,0.76305634,0.112180844,0.064967126
1436,0.0075150942,0.017876618,0.04059,0.83972573,0.094292566
1437,0.0025918316,0.00626609,0.020850845,0.9274681,0.04282316
1438,0.0013910529,0.0035068619,0.010731493,0.83325505,0.1511155
1439,0.06674918,0.12978537,0.629512,0.11139844,0.06255504
1440,0.028749906,0.051750887,0.10865989,0.6919944,0.118844874
1441,0.013436914,0.026363168,0.06003212,0.7882404,0.11192741
1442,0.07300801,0.13106853,0.21328296,0.4599194,0.122721046
1443,0.009742491,0.021365574,0.04935368,0.8241382,0.09540001
1444,0.009339889,0.022611257,0.047547687,0.8060715,0.11442969
1445,0.00953862,0.0155353155,0.8408801,0.10529989,0.028746111
1446,0.018811747,0.02915345,0.146888,0.6843402,0.12080657
1447,0.009877679,0.016626323,0.03902897,0.4319264,0.5025407
1448,0.029575009,0.04544439,0.0872208,0.51009405,0.32766578
1449,0.013571392,0.034677237,0.09061631,0.80380625,0.057328813
1450,0.0022334764,0.005817036,0.026675394,0.9396117,0.025662407
1451,0.051567856,0.060897224,0.20773047,0.3222582,0.3575462
1452,0.036823355,0.045968663,0.18261874,0.34677237,0.38781682
1453,0.0028566748,0.0068689804,0.024257265,0.92764026,0.03837687
1454,0.039232776,0.07615817,0.20165288,0.5817842,0.10117189
1455,0.007819164,0.017282309,0.043716017,0.83769065,0.093491785
1456,0.009033332,0.018285885,0.05879803,0.84820616,0.065676615
1457,0.059376325,0.10120937,0.24078242,0.47999457,0.118637286
1458,0.05166084,0.08398798,0.27344215,0.4680846,0.12282444
1459,0.06450363,0.09474801,0.30971926,0.35625154,0.17477761
1460,0.031230906,0.046162922,0.2093227,0.58097196,0.1323115
1461,0.020008717,0.036298893,0.07264202,0.7075645,0.16348584
1462,0.01767825,0.031167114,0.086233824,0.7523402,0.11258067
1463,0.005515865,0.011863836,0.03919713,0.87224203,0.07118116
1464,0.012823583,0.024715956,0.05732669,0.79652756,0.10860616
1465,0.007887413,0.016635079,0.05175829,0.8641551,0.059563998
1466,0.157435,0.26487827,0.3016553,0.18329047,0.09274093
1467,0.03311585,0.05674242,0.1222654,0.66866744,0.11920893
1468,0.0019893711,0.0054667993,0.014689736,0.87991405,0.09794008
1469,0.044776667,0.06604978,0.21084496,0.52799726,0.15033136
1470,0.02133124,0.039841104,0.10081,0.7394956,0.09852205
1471,0.007922585,0.016027274,0.036743775,0.7649947,0.17431171
1472,0.038580593,0.053374633,0.19581817,0.48443475,0.22779186
1473,0.01238399,0.023113254,0.059708394,0.8053507,0.09944362
1474,0.056381255,0.0818113,0.2223692,0.48086935,0.15856889
1475,0.13366342,0.26229367,0.38631904,0.13572013,0.08200378
1476,0.0107289655,0.024811896,0.058637246,0.8343688,0.07145305
1477,0.037846416,0.05799758,0.1789967,0.5807137,0.14444561
1478,0.015501451,0.03592709,0.07994018,0.7957816,0.07284968
1479,0.07636353,0.11688533,0.46148765,0.22538978,0.11987368
1480,0.04958536,0.07591799,0.23163342,0.49004078,0.15282255
1481,0.032383554,0.04769173,0.12965558,0.5787726,0.2114965
1482,0.040188976,0.056409054,0.21873052,0.5310136,0.15365787
1483,0.009291397,0.019168489,0.057440292,0.83608985,0.07800999
1484,0.027701568,0.045009237,0.15095463,0.6668668,0.10946776
1485,0.097471744,0.17806517,0.39617354,0.21861738,0.10967213
1486,0.058175385,0.09288225,0.23887044,0.45823598,0.15183593
1487,0.059104137,0.10173613,0.45394748,0.22119509,0.16401713
1488,0.04595089,0.079921834,0.6645804,0.14498238,0.06456445
1489,0.059642695,0.100635916,0.2569438,0.422328,0.16044964
1490,0.004088013,0.010266204,0.027064819,0.89036936,0.06821157
1491,0.010548261,0.016274255,0.02811967,0.096314795,0.8487431
1492,0.022596192,0.047517758,0.114520885,0.727887,0.08747817
1493,0.0620446,0.105952874,0.2792726,0.41259205,0.1401379
1494,0.013094484,0.019441037,0.073484614,0.5912517,0.3027282
1495,0.02780925,0.0506181,0.8000625,0.08117482,0.04033531
1496,0.027098956,0.058041118,0.83716863,0.052480098,0.02521118
1497,0.15342006,0.37292838,0.29315588,0.112992905,0.06750272
1498,0.09925652,0.1753248,0.4254733,0.19043328,0.109512016
1499,0.09436332,0.16756715,0.34622404,0.2758243,0.116021186
1500,0.027919566,0.04925693,0.12080975,0.67640287,0.12561087
1501,0.045577597,0.07020911,0.18868962,0.5436293,0.1518944
1502,0.005875685,0.013831035,0.03529894,0.8742648,0.070729576
1503,0.018840134,0.03326362,0.07879977,0.7169271,0.1521694
1504,0.21776028,0.40246168,0.21860892,0.09907191,0.06209725
1505,0.039946523,0.05984058,0.14269,0.59554493,0.16197798
1506,0.024283517,0.040243924,0.11608385,0.6740377,0.14535101
1507,0.032049064,0.04857418,0.24731119,0.5414034,0.13066217
1508,0.001303397,0.004060403,0.014621226,0.9524514,0.02756351
1509,0.0013156432,0.003916211,0.012880377,0.94000673,0.04188103
1510,0.011784992,0.021338938,0.05540838,0.76115835,0.15030937
1511,0.0013172535,0.0038223779,0.01447096,0.9610022,0.019387174
1512,0.006094944,0.015842967,0.04346163,0.8819958,0.052604776
1513,0.049919132,0.07694348,0.27355102,0.46420056,0.13538586
1514,0.01582333,0.02567777,0.052357677,0.44070297,0.46543822
1515,0.03621678,0.054410726,0.5251716,0.17992634,0.20427461
1516,0.05913261,0.08356995,0.25448143,0.41886237,0.18395358
1517,0.0728056,0.12790571,0.42629555,0.2611412,0.11185187
1518,0.027890595,0.043806873,0.111380056,0.59722847,0.21969394
1519,0.021313095,0.03410674,0.06352386,0.42197737,0.45907894
1520,0.002006371,0.0060154023,0.02003251,0.9409543,0.030991377
1521,0.27769494,0.41018343,0.16550392,0.089534946,0.05708277
1522,0.02492709,0.047419265,0.14849299,0.68172395,0.09743668
1523,0.00036760722,0.0012677377,0.005226248,0.98135847,0.011779939
1524,0.01310271,0.025756447,0.061715394,0.7985494,0.10087601
1525,0.06900942,0.10763664,0.380261,0.32321957,0.1198734
1526,0.02523342,0.045046598,0.09534896,0.70405805,0.13031296
1527,0.010361979,0.020431772,0.04885308,0.7897087,0.13064443
1528,0.023009237,0.03790137,0.12345563,0.6961808,0.11945294
1529,0.041258395,0.051932316,0.20653735,0.47269133,0.22758062
1530,0.012959809,0.021682452,0.08129317,0.757483,0.12658162
1531,0.03939077,0.063921615,0.12467932,0.5955192,0.17648911
1532,0.004215458,0.009686347,0.029711774,0.89129996,0.065086395
1533,0.04677801,0.08751027,0.18470852,0.5693341,0.11166916
1534,0.05407026,0.084911615,0.23778392,0.49777135,0.12546287
1535,0.046431206,0.07144506,0.21792191,0.5230933,0.14110857
1536,0.053060737,0.08006335,0.43905556,0.21573447,0.21208587
1537,0.02640511,0.050989754,0.10570653,0.7310172,0.0858814
1538,0.07827216,0.14514445,0.5279577,0.16686891,0.08175679
1539,0.04161633,0.07414739,0.60159665,0.207635,0.07500465
1540,0.020063294,0.03356245,0.123859026,0.7197352,0.102780014
1541,0.11139441,0.2553205,0.43900603,0.12778282,0.06649621
1542,0.0065966863,0.016190736,0.04146407,0.87896746,0.056780975
1543,0.07530705,0.17153218,0.55169797,0.13585727,0.06560554
1544,0.061252054,0.10333851,0.45905522,0.27469257,0.101661734
1545,0.034364663,0.06540135,0.13662893,0.6456597,0.11794544
1546,0.061009064,0.097884215,0.5556752,0.17263894,0.11279259
1547,0.05319143,0.097473666,0.34368676,0.4045406,0.10110755
1548,0.022960195,0.03711692,0.10514768,0.69177777,0.14299746
1549,0.008097091,0.018663112,0.053147066,0.8711571,0.048935596
1550,0.00043940614,0.0016781145,0.0069709783,0.9757297,0.0151817845
1551,0.015598843,0.023849947,0.66763926,0.2352968,0.05761517
1552,0.024868678,0.043773256,0.20770237,0.6208741,0.10278158
1553,0.038578767,0.060869053,0.67338514,0.14707427,0.080092736
1554,0.03232253,0.052474786,0.12655328,0.6648643,0.12378507
1555,0.015285428,0.035867427,0.080609664,0.79782873,0.07040878
1556,0.010250286,0.021895152,0.05937549,0.8351067,0.0733724
1557,0.017419087,0.031975195,0.07829385,0.77275115,0.09956071
1558,0.049890995,0.07887509,0.7067995,0.106971234,0.057463225
1559,0.027555028,0.040198285,0.068010345,0.19122532,0.673011
1560,0.015010697,0.030873856,0.067367524,0.7904623,0.09628559
1561,0.15954353,0.35946742,0.31220606,0.10415696,0.06462607
1562,0.001378709,0.0037595578,0.012401739,0.953531,0.02892908
1563,0.0036712158,0.008890148,0.029356005,0.90906024,0.049022388
1564,0.009018358,0.018369915,0.038741913,0.5797777,0.35409206
1565,0.035058353,0.07249546,0.16249959,0.6404637,0.089482844
1566,0.042199925,0.07496321,0.18794106,0.5841598,0.110736035
1567,0.22441943,0.36249742,0.22633204,0.11140628,0.0753448
1568,0.052366972,0.083185405,0.4185997,0.32823035,0.1176176
1569,0.15420742,0.30568242,0.27250686,0.1783824,0.08922085
1570,0.059345167,0.09458772,0.55413145,0.20162815,0.0903075
1571,0.18320598,0.3471303,0.27411354,0.12500364,0.07054654
1572,0.021861622,0.033022925,0.08086312,0.61320007,0.25105223
1573,0.016828127,0.033739105,0.0945432,0.77647924,0.07841034
1574,0.010190964,0.023350863,0.060367554,0.8357725,0.07031812
1575,0.0020366355,0.004882132,0.014331305,0.84068894,0.13806093
1576,0.026185883,0.041240424,0.08160556,0.5732996,0.2776686
1577,0.0014900406,0.004423275,0.0148372995,0.9438431,0.035406254
1578,0.003935112,0.007609871,0.03613283,0.8984381,0.05388414
1579,0.008265868,0.01924843,0.041281495,0.8455257,0.08567853
1580,0.008477658,0.018902065,0.05057804,0.85279626,0.06924597
1581,0.02994593,0.051268797,0.18743528,0.6302742,0.10107585
1582,0.0063968734,0.013677411,0.04904119,0.87860435,0.05228016
1583,0.011098708,0.023468878,0.8636597,0.07378278,0.027989952
1584,0.005595507,0.014068204,0.03885832,0.886271,0.05520704
1585,0.031834945,0.05214444,0.15520942,0.5797845,0.18102665
1586,0.060218457,0.096394934,0.24338283,0.46664307,0.13336074
1587,0.0029376226,0.0066950107,0.01829384,0.81606704,0.15600643
1588,0.12386984,0.28789702,0.36778125,0.14325494,0.07719693
1589,0.048316866,0.06813958,0.17635801,0.49083927,0.21634622
1590,0.0046836515,0.010926528,0.026512556,0.6503978,0.30747947
1591,0.050864585,0.09008078,0.18997845,0.5538746,0.11520159
1592,0.0008278851,0.0023162116,0.009333578,0.963101,0.02442131
1593,0.09618862,0.18298058,0.3544077,0.2584081,0.10801498
1594,0.07244511,0.1168701,0.2701204,0.41902855,0.121535845
1595,0.0075394143,0.018475847,0.053639732,0.8674483,0.052896757
1596,0.014058562,0.031152593,0.104647465,0.7889085,0.06123297
1597,0.04419431,0.07575558,0.144805,0.60684896,0.12839614
1598,0.04236618,0.06145273,0.23508827,0.47884178,0.18225107
1599,0.03619485,0.063186094,0.1995475,0.5849157,0.11615586
1600,0.042242046,0.08451133,0.7452309,0.08372547,0.044290274
1601,0.013468595,0.021841718,0.09381585,0.7354698,0.13540399
1602,0.035375804,0.055220503,0.13366544,0.5923194,0.18341883
1603,0.016658539,0.023376456,0.07550542,0.11667612,0.76778346
1604,0.024719048,0.036045533,0.13278231,0.5496338,0.25681937
1605,0.004042607,0.0070227976,0.01613616,0.19272166,0.78007686
1606,0.026845241,0.03848881,0.08810046,0.31920564,0.52735984
1607,0.030713694,0.04666704,0.08095211,0.3339655,0.50770164
1608,0.041040536,0.056606963,0.1066222,0.19526242,0.60046786
1609,0.04115776,0.05778674,0.12993966,0.30337095,0.4677449
1610,0.028284783,0.041985396,0.070615835,0.30559438,0.55351967
1611,0.030676205,0.05022693,0.10302469,0.58677477,0.22929741
1612,0.0031540596,0.0060219215,0.011249975,0.1204349,0.85913926
1613,0.028187828,0.03866064,0.08765602,0.22472796,0.62076765
1614,0.0052679977,0.00827502,0.018011048,0.063331194,0.90511477
1615,0.0064663636,0.010656316,0.022265306,0.10408122,0.85653067
1616,0.010736042,0.015312763,0.032521483,0.087211885,0.8542178
1617,0.014512708,0.03250804,0.07254158,0.8055677,0.074869946
1618,0.005418086,0.010370378,0.030839125,0.75485057,0.19852194
1619,0.01034795,0.0161017,0.030288646,0.14327633,0.7999854
1620,0.025664628,0.028983809,0.11749852,0.21177131,0.6160818
1621,0.011854537,0.01666966,0.03877658,0.09768287,0.83501637
1622,0.006250623,0.012348246,0.028837694,0.30779693,0.6447665
1623,0.009683535,0.013863901,0.029671289,0.07266737,0.874114
1624,0.009880946,0.013954567,0.02839362,0.118775465,0.8289954
1625,0.010030869,0.015502144,0.033403937,0.13673662,0.8043264
1626,0.007567427,0.012984586,0.033117846,0.29156274,0.65476733
1627,0.0071198563,0.011960592,0.031452082,0.32786104,0.6216064
1628,0.005912389,0.014024271,0.03608798,0.86180854,0.08216689
1629,0.01856896,0.028649487,0.065570466,0.3178605,0.5693506
1630,0.06445019,0.10444046,0.29746664,0.23809808,0.2955446
1631,0.01339164,0.025341071,0.059304267,0.7410293,0.16093373
1632,0.005665938,0.007919217,0.023412375,0.08067658,0.88232595
1633,0.0076047177,0.011407871,0.021164924,0.057302475,0.90251994
1634,0.021382028,0.02888229,0.06248977,0.15575184,0.7314941
1635,0.0067825783,0.012522815,0.024904236,0.20208208,0.7537082
1636,0.014752043,0.020721633,0.038020268,0.08813703,0.838369
1637,0.0010183374,0.0017751444,0.0036266318,0.024025673,0.9695542
1638,0.006248708,0.009723752,0.02253798,0.18142122,0.7800684
1639,0.020539932,0.0290982,0.05452477,0.11658432,0.77925277
1640,0.0011845501,0.0021504797,0.0056053293,0.05500667,0.936053
1641,0.009069146,0.0146851875,0.0288816,0.17449805,0.772866
1642,0.0016604549,0.00453643,0.010494622,0.84209377,0.14121474
1643,0.0111588435,0.017388837,0.036615618,0.1895173,0.7453194
1644,0.017921582,0.029219061,0.05914846,0.48236728,0.41134354
1645,0.0045924545,0.011100971,0.028405009,0.87739646,0.07850511
1646,0.006493806,0.00976308,0.025453549,0.18685251,0.771437
1647,0.014676518,0.020552639,0.042889394,0.08414479,0.8377367
1648,0.0072990023,0.011784125,0.02369678,0.14842312,0.808797
1649,0.02058787,0.0306852,0.065575324,0.22574241,0.6574092
1650,0.025686413,0.033166796,0.07792472,0.20844306,0.654779
1651,0.012864825,0.01915076,0.04666202,0.28471437,0.63660806
1652,0.018580483,0.029046323,0.059612785,0.390843,0.50191736
1653,0.014181582,0.02592377,0.04965479,0.43633965,0.47390026
1654,0.022329673,0.034688752,0.08078222,0.5259383,0.3362611
1655,0.010070617,0.01710124,0.03686128,0.17862383,0.75734305
